URN,KS5 Pupils,Avg A-level Points,Avg A-level Grade,Academic Year
100003,273,47.71,A-,2016
100001,152,48.93,A,2016
100052,195,23.64,D+,2016
100049,214,21.71,D+,2016
100059,250,29.02,C,2016
100055,89,26.04,C-,2016
100053,215,28.58,C,2016
100050,230,30.41,C,2016
100051,113,21.3,D,2016
100076,164,46.33,A-,2016
137181,137,28.98,C,2016
100065,305,48.85,A,2016
100056,246,24.62,D+,2016
130421,2688,22.16,D+,2016
130403,44,,,2016
100054,439,40.37,B,2016
137333,197,34.43,C+,2016
100084,151,35.37,B-,2016
132838,941,28.35,C,2016
100202,168,42.3,B+,2016
137473,220,23.32,D+,2016
100182,167,23.74,D+,2016
138245,,,,2016
138449,171,27.3,C-,2016
142608,,,,2016
100192,241,25.67,C-,2016
100183,296,24.91,D+,2016
134402,9,,,2016
100200,22,,,2016
134827,152,38,B-,2016
100171,,,,2016
138966,1017,25.18,C-,2016
141309,292,25.98,C-,2016
100190,496,31.85,C+,2016
100756,66,37.39,B-,2016
139786,182,16.19,D-,2016
141163,270,31.3,C,2016
135835,146,33.39,C+,2016
137442,209,31.82,C+,2016
139595,,,,2016
100277,100,24.42,D+,2016
138143,21,29.35,C,2016
134693,274,38.74,B,2016
140210,,,,2016
100282,133,29.52,C,2016
131062,292,33.21,C+,2016
100293,163,,,2016
136137,54,,,2016
100279,328,31.51,C,2016
100300,11,24.25,D+,2016
100284,88,24.32,D+,2016
131609,176,27.8,C-,2016
133608,1332,21.35,D,2016
100285,170,29.94,C,2016
134735,158,28.79,C,2016
130408,2097,17.98,D-,2016
141135,,,,2016
139364,38,,,2016
100369,231,49.73,A,2016
136172,142,23.66,D+,2016
131752,241,30.13,C,2016
138607,186,36.72,B-,2016
100370,351,49.66,A,2016
137157,347,40.18,B,2016
143129,,,,2016
100359,150,17.3,D-,2016
137935,141,33.53,C+,2016
100527,68,43.39,B+,2016
100366,221,54.44,A+,2016
142873,,,,2016
136750,,,,2016
133545,798,25.47,C-,2016
100458,191,29.18,C,2016
135587,96,24.65,D+,2016
100455,100,31.56,C,2016
139793,218,20.69,D,2016
100452,194,23.8,D+,2016
141250,45,31.03,C,2016
100459,217,21.53,D,2016
134314,131,31.79,C+,2016
136138,702,26.55,C-,2016
135531,203,30.68,C,2016
100539,147,35.07,B-,2016
100544,208,32.92,C+,2016
100526,262,33.36,C+,2016
140134,183,40.41,B,2016
100537,212,41.8,B+,2016
140212,,,,2016
130410,381,,,2016
100547,601,44.75,B+,2016
100540,575,39.44,B,2016
100521,45,35.3,B-,2016
100511,87,42.1,B+,2016
130411,1115,23.98,D+,2016
140603,24,35.44,B-,2016
141931,346,43.18,B+,2016
137954,,,,2016
100529,388,37.93,B-,2016
137093,203,33.01,C+,2016
136288,,,,2016
129649,165,26.04,C-,2016
100640,82,22.61,D+,2016
135389,93,27.05,C-,2016
140564,129,49.67,A,2016
100637,199,30.86,C,2016
134815,163,25.35,C-,2016
130413,1489,,,2016
100625,184,29.58,C,2016
100642,75,24.18,D+,2016
100624,116,24.74,D+,2016
137966,148,27.18,C-,2016
142905,,,,2016
100638,306,33.79,C+,2016
100648,75,40.76,B,2016
140966,,,,2016
100590,,,,2016
130416,2675,22.43,D+,2016
100745,247,28.39,C,2016
135073,297,27.08,C-,2016
135070,122,22.24,D+,2016
130415,1703,23.33,D+,2016
135901,,28.64,C,2016
100750,290,29.18,C,2016
100754,143,39.26,B,2016
100748,99,21.27,D,2016
100743,287,20.23,D,2016
100757,64,39.15,B,2016
100741,260,31.08,C,2016
132942,507,29.81,C,2016
136298,309,37.21,B-,2016
134222,278,27.16,C-,2016
139587,,,,2016
100864,303,48.41,A,2016
100861,474,45.47,A-,2016
131747,30,23.21,D+,2016
134225,163,24.08,D+,2016
139718,,,,2016
135584,62,31.82,C+,2016
135315,104,20.83,D,2016
100863,198,50.75,A,2016
136309,195,34.68,C+,2016
135401,182,29.58,C,2016
138960,180,35.97,B-,2016
138961,161,29,C,2016
100849,156,34.01,C+,2016
100857,62,,,2016
141562,72,,,2016
100975,294,28.2,C-,2016
131745,26,27.39,C-,2016
141095,134,34.5,C+,2016
100974,151,28.92,C,2016
100966,87,24.68,D+,2016
100982,37,,,2016
100967,302,28.75,C,2016
100968,356,30.39,C,2016
100972,214,30.47,C,2016
100979,151,24.81,D+,2016
137789,137,28.81,C,2016
100970,123,31.37,C,2016
100977,508,29.34,C,2016
100978,228,25.01,C-,2016
100969,96,27.76,C-,2016
100973,242,32,C+,2016
130418,1481,21.76,D+,2016
100965,53,28.42,C,2016
142879,,,,2016
136883,178,30.29,C,2016
101071,235,38.25,B-,2016
101053,362,21.76,D+,2016
137005,688,34.64,C+,2016
140985,201,32.59,C+,2016
138267,,,,2016
138681,95,27.5,C-,2016
135316,225,34.58,C+,2016
101064,141,43.27,B+,2016
143175,,,,2016
101072,161,46.51,A-,2016
141808,190,31.52,C,2016
130422,1396,24.14,D+,2016
135762,73,20.04,D,2016
130420,2110,23.18,D+,2016
138682,577,30.26,C,2016
139842,380,28.02,C-,2016
130423,2722,18.58,D,2016
101161,81,39.93,B,2016
101158,116,45.43,A-,2016
138313,279,36.22,B-,2016
140939,369,39.19,B,2016
135242,78,26.76,C-,2016
100536,185,30.86,C,2016
138312,126,28.79,C,2016
101162,380,52.78,A+,2016
140884,,,,2016
101181,49,21.83,D+,2016
130912,317,31.93,C+,2016
135676,178,35.51,B-,2016
100541,83,36.72,B-,2016
101157,65,43.11,B+,2016
137646,330,24.46,D+,2016
101154,193,25.2,C-,2016
139369,154,29.72,C,2016
137353,317,36.54,B-,2016
131262,194,,,2016
101247,212,30.76,C,2016
136028,120,27.66,C-,2016
101243,117,22.69,D+,2016
101244,180,28.75,C,2016
140945,96,17.71,D-,2016
140962,,,,2016
142908,,,,2016
133561,162,29.55,C,2016
101241,591,27.11,C-,2016
130424,2889,23.81,D+,2016
139791,,,,2016
101245,349,31.74,C+,2016
141683,173,31.97,C+,2016
141178,178,28.26,C-,2016
141332,635,29.75,C,2016
137388,217,25.28,C-,2016
136418,113,,,2016
138685,163,29.47,C,2016
101391,65,,,2016
136658,289,33.03,C+,2016
101362,298,29.42,C,2016
137539,268,40,B,2016
137645,225,28.12,C-,2016
138051,254,50.59,A,2016
136308,375,33.79,C+,2016
135747,181,35.27,B-,2016
101369,106,36.78,B-,2016
134798,391,21.69,D+,2016
131261,3,27.57,C-,2016
101387,22,32.04,C+,2016
142627,,,,2016
137386,406,32.9,C+,2016
101367,240,40.31,B,2016
130425,3045,24.01,D+,2016
137131,200,30.85,C,2016
136290,290,50.31,A,2016
139410,,,,2016
101364,213,30.25,C,2016
101374,72,29.25,C,2016
101360,6,,,2016
101361,289,40.24,B,2016
101388,25,33.96,C+,2016
101365,203,29.39,C,2016
137374,20,8.48,E,2016
131288,52,32.15,C+,2016
137361,120,23.3,D+,2016
130427,1319,35.25,B-,2016
135507,197,32.63,C+,2016
101393,240,43.22,B+,2016
137423,397,35.28,B-,2016
138686,148,21.47,D,2016
136330,230,25.18,C-,2016
135951,78,,,2016
136334,432,31.73,C+,2016
136369,449,35.88,B-,2016
137138,200,22.57,D+,2016
137965,350,25.57,C-,2016
137769,452,37.29,B-,2016
136538,171,22.17,D+,2016
136720,184,25.29,C-,2016
133769,137,14.78,E+,2016
136656,291,27.8,C-,2016
130429,1094,14.4,E+,2016
137994,152,25.12,C-,2016
135973,192,19.71,D,2016
138610,275,26.83,C-,2016
135600,99,,,2016
141019,76,23.71,D+,2016
133724,534,40.99,B,2016
101564,204,17.27,D-,2016
139319,287,32.06,C+,2016
138609,217,27.44,C-,2016
101563,221,27.66,C-,2016
101578,49,37.2,B-,2016
138457,288,34.76,C+,2016
134226,209,22.66,D+,2016
137685,361,28.16,C-,2016
133448,34,42.4,B+,2016
140862,,,,2016
136545,208,25.23,C-,2016
136467,198,27.94,C-,2016
136464,294,27.4,C-,2016
136355,423,30.34,C,2016
101695,31,20.95,D,2016
101693,212,43.92,B+,2016
101685,104,28.76,C,2016
143427,,,,2016
136644,514,32.69,C+,2016
136281,151,16,D-,2016
138384,108,31.19,C,2016
136586,619,33.91,C+,2016
137006,503,28.08,C-,2016
130430,2636,8.45,E,2016
101680,4,,,2016
136551,225,43.52,B+,2016
138114,164,20.18,D,2016
136517,300,30.82,C,2016
136540,364,28.28,C-,2016
101676,455,47.92,A-,2016
101683,24,33.23,C+,2016
136466,232,28.15,C-,2016
134175,1,,,2016
101692,101,43.07,B+,2016
136709,428,31.51,C,2016
101823,292,36.97,B-,2016
130433,901,23.68,D+,2016
130432,1346,19.57,D,2016
101845,96,39.83,B,2016
137567,53,41.05,B,2016
142040,85,25.66,C-,2016
101811,249,24.92,D+,2016
139906,2,,,2016
135416,1890,28.66,C,2016
140952,,,,2016
130434,735,20.82,D,2016
139074,,,,2016
101821,97,25.64,C-,2016
101842,278,44.24,B+,2016
131280,172,18.48,D,2016
101837,340,44.41,B+,2016
138187,130,29.28,C,2016
101849,842,29.7,C,2016
133528,141,40.38,B,2016
137754,163,26.67,C-,2016
135654,1,22.5,D+,2016
135968,150,20.6,D,2016
101846,86,42.03,B+,2016
136203,67,32.5,C+,2016
138178,308,29.56,C,2016
101835,185,38.61,B,2016
101813,,23.14,D+,2016
138221,297,24.49,D+,2016
101814,59,27.48,C-,2016
137772,115,30.37,C,2016
131982,97,28.73,C,2016
101932,182,27.05,C-,2016
101946,61,40.19,B,2016
101947,216,39.31,B,2016
137546,536,39.27,B,2016
101928,148,25.96,C-,2016
139725,,,,2016
101939,256,28.34,C,2016
134369,228,17.04,D-,2016
101934,384,31.12,C,2016
101930,158,28.96,C,2016
137221,378,29.9,C,2016
142654,,,,2016
133444,94,29.77,C,2016
101941,296,29.35,C,2016
131310,182,33.41,C+,2016
137729,366,30.43,C,2016
101940,614,32.92,C+,2016
101957,36,43.64,B+,2016
135155,5,,,2016
101943,129,22.89,D+,2016
101954,151,47.8,A-,2016
102049,228,27.18,C-,2016
102043,221,28.38,C,2016
102048,199,28.61,C,2016
137094,219,28.02,C-,2016
139815,,,,2016
139599,,,,2016
132256,293,27.61,C-,2016
136327,250,29.55,C,2016
102055,442,44.38,B+,2016
102050,175,27.29,C-,2016
136147,285,24.04,D+,2016
136157,9,16.67,D-,2016
134311,123,27.19,C-,2016
135958,213,24.72,D+,2016
102053,144,27.91,C-,2016
102058,216,28.15,C-,2016
102065,74,35.52,B-,2016
102047,297,31.1,C,2016
102052,110,21.84,D+,2016
102067,15,,,2016
102045,403,25.28,C-,2016
102056,85,25.77,C-,2016
130438,685,,,2016
102162,125,47.56,A-,2016
130439,1885,27.56,C-,2016
102156,418,38.59,B,2016
133386,234,26.71,C-,2016
139363,557,27.26,C-,2016
140935,,,,2016
102163,299,45.52,A-,2016
102154,209,32.05,C+,2016
102153,178,29.04,C,2016
139362,186,23.2,D+,2016
140968,74,7.62,E-,2016
137531,390,32.93,C+,2016
131864,1913,19.49,D,2016
137177,119,25.06,C-,2016
102245,339,46.23,A-,2016
137204,325,27.16,C-,2016
102247,197,38.13,B-,2016
135334,7,,,2016
138227,,,,2016
102257,238,50.99,A,2016
137028,387,32.61,C+,2016
137075,196,27.85,C-,2016
142864,,,,2016
134891,97,30.75,C,2016
137198,210,25.84,C-,2016
130443,1216,36.55,B-,2016
137178,146,30.09,C,2016
138458,2,,,2016
130440,1258,20.68,D,2016
102239,321,30.73,C,2016
137199,195,25.29,C-,2016
135469,1899,29,C,2016
130444,2218,28.64,C,2016
130445,2696,24.12,D+,2016
137233,184,31.4,C,2016
137145,212,27.51,C-,2016
137040,326,30.8,C,2016
136600,466,34.44,C+,2016
136090,110,25.41,C-,2016
138326,168,28.86,C,2016
141035,31,27.59,C-,2016
137925,156,25.17,C-,2016
102449,106,30.48,C,2016
136329,114,26.97,C-,2016
135004,189,27.11,C-,2016
102451,185,27.32,C-,2016
136519,499,28.81,C,2016
140941,156,14.55,E+,2016
137078,34,21.23,D,2016
102462,81,,,2016
137844,224,21.42,D,2016
102452,109,37.72,B-,2016
137829,35,30,C,2016
138368,14,,,2016
102464,31,,,2016
136711,268,32.18,C+,2016
137077,58,21.64,D,2016
140748,130,29.73,C,2016
102453,166,43.64,B+,2016
134797,140,25.28,C-,2016
137407,336,31.71,C+,2016
136631,247,30.78,C,2016
137633,367,28.89,C,2016
130446,4020,25.01,C-,2016
136768,192,26,C-,2016
137635,233,32.32,C+,2016
137907,230,31.98,C+,2016
136522,406,25.39,C-,2016
101964,3,,,2016
137618,101,28.37,C,2016
139989,104,30.35,C,2016
137928,170,31.34,C,2016
102545,260,30.25,C,2016
102539,484,29.81,C,2016
138924,258,29.58,C,2016
102551,115,34.73,C+,2016
137940,153,29.66,C,2016
139276,160,26.84,C-,2016
136341,351,31.07,C,2016
142781,,,,2016
139720,,,,2016
138266,,,,2016
137009,115,32.25,C+,2016
137995,260,37.02,B-,2016
142126,26,,,2016
130447,1909,24.51,D+,2016
139095,147,26.54,C-,2016
102599,19,27.05,C-,2016
137859,64,12.73,E+,2016
137848,272,29.29,C,2016
137678,168,27.07,C-,2016
138459,210,31.96,C+,2016
141862,,,,2016
130448,2611,20.35,D,2016
102619,228,45.73,A-,2016
137299,222,32.86,C+,2016
137917,191,29.43,C,2016
102611,236,42.92,B+,2016
136615,306,48.55,A,2016
136910,394,44.49,B+,2016
137060,246,27.73,C-,2016
102684,395,48.78,A,2016
102674,247,26.93,C-,2016
102673,116,34.32,C+,2016
102679,112,33.66,C+,2016
134003,93,16.9,D-,2016
102683,329,36.37,B-,2016
102681,254,27.48,C-,2016
102692,150,46.77,A-,2016
136509,228,33.94,C+,2016
139703,332,30.34,C,2016
139834,,,,2016
138403,420,42.6,B+,2016
142903,,,,2016
130451,1769,14.44,E+,2016
130452,2455,24.93,D+,2016
102786,419,28.63,C,2016
102787,236,28.77,C,2016
138196,,,,2016
136669,348,40.22,B,2016
136267,303,28.61,C,2016
137692,163,21.2,D,2016
138518,,,,2016
102850,339,34.99,C+,2016
102861,185,29.31,C,2016
142896,,,,2016
140475,494,27.48,C-,2016
102858,324,24.99,D+,2016
102875,240,47.85,A-,2016
133405,394,29.17,C,2016
137088,152,29.45,C,2016
140575,504,31.35,C,2016
130453,1249,,,2016
102856,485,35.39,B-,2016
102860,441,31.17,C,2016
137418,163,30.41,C,2016
102857,375,30.35,C,2016
102851,326,29.83,C,2016
102854,317,31.74,C+,2016
102852,312,38.72,B,2016
102849,278,21.87,D+,2016
102929,88,31.02,C,2016
138825,141,33.5,C+,2016
136103,72,23.7,D+,2016
133443,9,,,2016
102946,412,46.17,A-,2016
102950,167,42.8,B+,2016
102932,162,49.11,A,2016
138651,196,32.18,C+,2016
137018,95,30.5,C,2016
131095,27,,,2016
136208,70,27.3,C-,2016
130454,2380,21.54,D,2016
102947,77,29.06,C,2016
102936,34,41.77,B+,2016
102942,389,51.61,A,2016
139121,,,,2016
138460,140,30.61,C,2016
141963,,,,2016
136104,25,15.85,D-,2016
138461,223,40.48,B,2016
136785,504,30.47,C,2016
134887,37,29.5,C,2016
136914,293,31.8,C+,2016
136800,406,32.28,C+,2016
103009,230,31.83,C+,2016
136795,356,43.52,B+,2016
136756,225,27.97,C-,2016
103013,279,35.21,B-,2016
103003,186,25.72,C-,2016
136787,254,45,A-,2016
103022,59,38.37,B,2016
136798,349,42.6,B+,2016
136789,382,43.08,B+,2016
136621,294,47.92,A-,2016
136799,216,28.71,C,2016
130455,1019,,,2016
136797,178,30.73,C,2016
138691,282,31.02,C,2016
140957,,,,2016
103110,281,42.61,B+,2016
103097,255,25.23,C-,2016
137558,405,25.14,C-,2016
103106,239,29.23,C,2016
103105,22,,,2016
133287,29,,,2016
130457,2241,26.63,C-,2016
103098,28,,,2016
138859,46,2.31,U,2016
141030,233,,,2016
130458,2061,22.89,D+,2016
130456,1345,,,2016
132727,118,32.33,C+,2016
103080,1,,,2016
103513,37,9.42,E,2016
103563,73,23.63,D+,2016
103494,32,,,2016
141969,,,,2016
103567,112,41.34,B,2016
134908,67,27.47,C-,2016
136908,212,24.91,D+,2016
103625,26,,,2016
137346,64,27.95,C-,2016
103509,159,19.76,D,2016
137034,242,27.27,C-,2016
134571,16,,,2016
103522,138,24.16,D+,2016
130468,1897,29.22,C,2016
137043,247,35.53,B-,2016
137045,249,44.92,B+,2016
137044,305,43.87,B+,2016
137046,386,40.17,B,2016
137047,261,37.68,B-,2016
103585,163,46.5,A-,2016
136152,192,30.87,C,2016
103584,214,,,2016
141943,,,,2016
103562,92,21.47,D,2016
136590,156,31.42,C,2016
136882,151,24.58,D+,2016
138222,241,17.89,D-,2016
140382,16,,,2016
139157,1,,,2016
136592,269,29.41,C,2016
103587,172,39.82,B,2016
103519,136,27.04,C-,2016
136406,,,,2016
138586,31,22,D+,2016
136032,113,20.18,D,2016
139738,54,17.17,D-,2016
138200,78,30.5,C,2016
139797,,,,2016
141003,,,,2016
141752,,,,2016
137053,235,26.72,C-,2016
103566,22,23.73,D+,2016
103616,80,,,2016
103537,126,25.06,C-,2016
103564,53,24.68,D+,2016
103534,30,17.38,D-,2016
103531,172,32.03,C+,2016
141835,153,30.17,C,2016
103613,103,,,2016
135911,166,19.07,D,2016
103548,155,19.62,D,2016
130461,3106,29.17,C,2016
130466,7217,22.84,D+,2016
136944,740,20.28,D,2016
103560,260,32.21,C+,2016
137988,366,42.15,B+,2016
140524,238,30.14,C,2016
136778,209,41.98,B+,2016
103514,257,28.52,C,2016
103500,,,,2016
140863,182,,,2016
135238,,,,2016
139888,130,25.14,C-,2016
142219,77,23.54,D+,2016
139788,49,,,2016
103493,329,27.79,C-,2016
103595,18,,,2016
130459,2300,21.16,D,2016
141318,71,28.56,C,2016
139841,164,26.4,C-,2016
130469,905,23.27,D+,2016
138695,64,23.31,D+,2016
103550,235,24.23,D+,2016
135688,3,,,2016
139048,83,23.22,D+,2016
103541,143,26.13,C-,2016
135406,33,,,2016
139746,175,24.8,D+,2016
103549,241,33.3,C+,2016
138937,184,17.11,D-,2016
136213,64,20.42,D,2016
137578,,,,2016
135970,92,28.8,C,2016
135907,116,25.23,C-,2016
103576,28,27.9,C-,2016
138136,499,26.66,C-,2016
130473,1877,21.58,D,2016
138023,257,27.84,C-,2016
140958,,,,2016
140366,60,26.31,C-,2016
141939,,,,2016
136963,319,30.42,C,2016
103732,116,24.21,D+,2016
135335,86,18.35,D,2016
130472,1259,41.82,B+,2016
130474,113,,,2016
103750,201,39.91,B,2016
103733,106,19.44,D,2016
103751,236,40.25,B,2016
103727,130,22.54,D+,2016
103747,7,,,2016
140248,188,28.87,C,2016
136126,247,31.33,C,2016
103728,164,26.56,C-,2016
103742,97,33.07,C+,2016
137209,150,27.93,C-,2016
137272,316,29.92,C,2016
137225,41,24.96,D+,2016
136840,81,20.42,D,2016
140961,189,22.85,D+,2016
137165,89,25.05,C-,2016
139292,316,30.42,C,2016
103743,197,28.23,C-,2016
141992,205,38.02,B-,2016
130475,3723,26.38,C-,2016
141570,79,28.25,C-,2016
103876,19,,,2016
130476,3490,25.45,C-,2016
130478,1997,35.79,B-,2016
103870,251,30.7,C,2016
140126,176,24.51,D+,2016
136618,304,27.05,C-,2016
135234,275,27.73,C-,2016
141813,73,,,2016
104018,114,23.34,D+,2016
139328,114,15.33,D-,2016
136091,225,29.12,C,2016
135449,148,23.55,D+,2016
141698,,,,2016
135599,126,,,2016
134993,333,33.17,C+,2016
130479,3463,24.43,D+,2016
135170,252,22.07,D+,2016
104020,154,28.84,C,2016
132233,33,,,2016
136616,210,27.88,C-,2016
139043,44,26.7,C-,2016
137701,102,23.02,D+,2016
137673,277,25.15,C-,2016
135979,53,14.21,E+,2016
104012,82,24.59,D+,2016
135684,244,,,2016
129342,103,21.83,D+,2016
136333,363,32.86,C+,2016
136909,214,30.66,C,2016
136347,137,28.39,C,2016
135971,127,26.28,C-,2016
104123,56,39.17,B,2016
104119,267,31.51,C,2016
130482,2246,27.33,C-,2016
104118,90,14.87,E+,2016
130481,3521,21.82,D+,2016
104124,359,43.57,B+,2016
136310,255,34.47,C+,2016
142900,,,,2016
136994,67,,,2016
135956,88,15.98,D-,2016
137830,257,26.8,C-,2016
104272,42,,,2016
136885,184,27.11,C-,2016
135769,132,22.61,D+,2016
104251,140,25.57,C-,2016
136773,317,38.64,B,2016
136777,177,30.47,C,2016
104255,189,23.37,D+,2016
104259,284,24.41,D+,2016
136620,236,26.56,C-,2016
137707,148,31.8,C+,2016
133697,308,32.24,C+,2016
130483,3149,,,2016
139789,133,,,2016
137274,24,20,D,2016
138606,116,22.35,D+,2016
138374,84,21.49,D,2016
137706,164,14.36,E+,2016
104248,43,16.91,D-,2016
137974,180,30.15,C,2016
130484,1698,24.51,D+,2016
104395,176,26.35,C-,2016
104390,117,25.32,C-,2016
137730,214,29.81,C,2016
104386,283,30.7,C,2016
131547,127,24.15,D+,2016
104397,127,25.91,C-,2016
138098,93,25.79,C-,2016
136182,279,18.85,D,2016
141802,113,20.9,D,2016
104405,92,30.51,C,2016
139891,101,24.14,D+,2016
138852,233,27.2,C-,2016
104387,1,,,2016
140586,197,26.19,C-,2016
135983,131,24.52,D+,2016
104407,58,28.48,C,2016
141245,138,26.92,C-,2016
140160,38,,,2016
140798,246,38.95,B,2016
104411,183,36.28,B-,2016
142080,,,,2016
139138,123,26.58,C-,2016
140604,307,28.77,C,2016
135479,80,10.43,E,2016
139614,84,20.31,D,2016
130486,1019,10.57,E,2016
138787,133,24.76,D+,2016
130487,3432,20.02,D,2016
104693,385,23.19,D+,2016
136409,58,16.48,D-,2016
136119,224,26.1,C-,2016
104692,139,19.79,D,2016
104700,135,20.47,D,2016
104717,266,30.22,C,2016
104705,239,25.49,C-,2016
104688,89,21.13,D,2016
104703,145,27.98,C-,2016
137675,,,,2016
101857,152,17.28,D-,2016
139686,222,32.41,C+,2016
104722,9,,,2016
139588,326,28.3,C-,2016
104706,164,27.39,C-,2016
136735,266,30.51,C,2016
138183,163,22.27,D+,2016
138463,160,25.25,C-,2016
104721,157,26.84,C-,2016
104715,164,28.82,C,2016
135174,218,31.64,C,2016
104712,155,25.63,C-,2016
138850,270,25.43,C-,2016
142128,,,,2016
139589,139,29.89,C,2016
138696,140,21.64,D,2016
137916,372,40.44,B,2016
104696,184,,,2016
104713,224,27.51,C-,2016
104698,203,28.67,C,2016
104714,154,28.01,C-,2016
131065,200,20.38,D,2016
104829,323,27.17,C-,2016
136421,76,15.06,D-,2016
104826,204,29.41,C,2016
104830,241,28.96,C,2016
130488,1847,15.2,D-,2016
136141,147,14.43,E+,2016
130489,1823,32.25,C+,2016
137514,175,26.2,C-,2016
104964,259,28.02,C-,2016
137533,197,28,C-,2016
137436,209,33.05,C+,2016
104962,157,27.9,C-,2016
130490,1690,17.8,D-,2016
130492,642,30.74,C,2016
137520,224,23.52,D+,2016
104960,218,26.36,C-,2016
104973,153,39.18,B,2016
104974,148,41.7,B+,2016
137612,252,31.2,C,2016
104961,251,23.34,D+,2016
104972,86,34.37,C+,2016
141338,73,22.42,D+,2016
104959,1,,,2016
135387,436,25.88,C-,2016
130491,1263,,,2016
138355,166,22.94,D+,2016
141131,19,16.88,D-,2016
105103,154,18.25,D-,2016
136895,103,17.99,D-,2016
105101,112,23.05,D+,2016
105106,108,26.17,C-,2016
136780,213,29.09,C,2016
139031,308,28.63,C,2016
105110,250,23.94,D+,2016
135877,167,29.48,C,2016
105123,106,44.58,B+,2016
130494,1204,29.72,C,2016
105107,137,21.45,D,2016
137929,231,35.54,B-,2016
137815,334,28.95,C,2016
137243,321,37.66,B-,2016
137476,276,33.32,C+,2016
137171,301,40.24,B,2016
130493,1806,,,2016
139144,408,33.52,C+,2016
140959,,,,2016
136135,58,7.02,E-,2016
105269,4,,,2016
133285,24,32,C+,2016
105261,274,27.62,C-,2016
105264,293,28.36,C,2016
105253,321,28.64,C,2016
130495,1999,15.45,D-,2016
135981,109,17.27,D-,2016
105271,218,40.96,B,2016
105272,210,41.1,B,2016
131867,1446,28.55,C,2016
141941,110,,,2016
141081,85,,,2016
130285,64,,,2016
105267,325,33.56,C+,2016
105372,93,34.62,C+,2016
130499,2085,29.37,C,2016
105366,90,,,2016
130498,4334,22.68,D+,2016
105373,94,39.1,B,2016
105374,113,36.18,B-,2016
105588,133,45.2,A-,2016
139730,327,22.35,D+,2016
136174,35,,,2016
137309,242,39.77,B,2016
130503,3300,32.73,C+,2016
135524,5174,22,D+,2016
136105,2,,,2016
142762,,,,2016
135905,1,,,2016
141107,31,,,2016
135874,61,,,2016
105591,344,45.41,A-,2016
135875,40,,,2016
105592,164,47.27,A-,2016
141392,47,,,2016
105556,336,29.75,C,2016
142893,,,,2016
105594,136,37.93,B-,2016
105601,155,39.41,B,2016
137801,3,,,2016
141264,196,28.04,C-,2016
135296,182,25.29,C-,2016
105595,140,49.17,A,2016
130504,2258,30.91,C,2016
137294,239,28.56,C,2016
140542,39,8.21,E-,2016
141248,204,28.47,C,2016
130505,2309,16.67,D-,2016
105745,151,38.73,B,2016
130506,2231,29.05,C,2016
137133,388,33.78,C+,2016
130507,2662,,,2016
135659,1408,31.23,C,2016
135313,104,20.22,D,2016
105844,157,27.44,C-,2016
105976,28,12.11,E+,2016
138130,38,,,2016
105989,27,,,2016
135071,43,26.79,C-,2016
130509,4739,27.09,C-,2016
142010,138,,,2016
105992,32,28.04,C-,2016
130515,1548,26.11,C-,2016
137843,191,37.48,B-,2016
106157,269,40.84,B,2016
134493,23,23.48,D+,2016
130514,2093,31.8,C+,2016
137923,71,28.11,C-,2016
134064,31,,,2016
135262,85,20.66,D,2016
130512,1398,13.26,E+,2016
106156,241,42.13,B+,2016
139735,25,22.12,D+,2016
106268,14,20.53,D,2016
130518,2037,28.8,C,2016
136273,117,26.08,C-,2016
135508,107,24.24,D+,2016
130516,2199,20.47,D,2016
138614,114,22.36,D+,2016
136458,352,39.72,B,2016
137289,341,45.01,A-,2016
138123,153,29.06,C,2016
138464,256,40.4,B,2016
130943,18,,,2016
106380,32,21.43,D,2016
138134,212,36.57,B-,2016
136498,336,38.1,B-,2016
106368,129,32.41,C+,2016
130519,2390,22.18,D+,2016
136297,285,34.35,C+,2016
106376,126,29.34,C,2016
136378,38,10.4,E,2016
136377,180,27.45,C-,2016
106534,178,26.61,C-,2016
138233,57,22.92,D+,2016
131530,70,,,2016
130523,1379,30.23,C,2016
106538,341,31.68,C+,2016
130521,2391,12.5,E+,2016
138229,65,4.55,U,2016
130522,2052,35.38,B-,2016
131749,24,18.47,D,2016
130524,4075,24.98,D+,2016
106653,241,30.05,C,2016
137524,298,28.62,C,2016
135942,72,32.35,C+,2016
137472,164,21.87,D+,2016
130526,2418,,,2016
137842,509,30.73,C,2016
136672,235,31.93,C+,2016
138314,77,11,E,2016
106812,86,34.83,C+,2016
137066,88,16,D-,2016
140177,185,25.94,C-,2016
140865,310,28.79,C,2016
141354,62,22.07,D+,2016
135963,155,22.67,D+,2016
137603,235,31,C,2016
136675,77,24.94,D+,2016
139301,148,22.5,D+,2016
135007,158,28.15,C-,2016
140964,,,,2016
138116,76,16.64,D-,2016
130529,907,,,2016
141730,171,23.44,D+,2016
134466,19,34.24,C+,2016
136718,224,32.52,C+,2016
136042,198,29.3,C,2016
130527,2991,,,2016
106959,106,24.44,D+,2016
130530,1577,28.28,C-,2016
136331,320,32.46,C+,2016
106954,391,31.13,C,2016
140646,477,27.29,C-,2016
136301,195,30.31,C,2016
140940,134,30.05,C,2016
138337,311,27.33,C-,2016
138545,211,28.99,C,2016
138361,383,32.53,C+,2016
130531,5380,19.78,D,2016
107166,194,38.97,B,2016
131895,156,27.7,C-,2016
131896,27,,,2016
139167,358,36.04,B-,2016
107163,230,39.55,B,2016
138069,487,37.52,B-,2016
139695,289,20.19,D,2016
142605,,,,2016
134574,5,,,2016
139101,143,29.93,C,2016
131122,2,,,2016
140547,107,27.69,C-,2016
107139,354,33.98,C+,2016
138841,319,35.96,B-,2016
107140,490,29.64,C,2016
133991,1037,22.8,D+,2016
134140,25,,,2016
135866,207,18.69,D,2016
130909,264,24.46,D+,2016
141002,,,,2016
138251,,,,2016
136189,30,,,2016
136962,157,30.46,C,2016
139982,251,16.8,D-,2016
135865,82,19.67,D,2016
107440,210,21.36,D,2016
107428,158,24.59,D+,2016
136905,315,34.77,C+,2016
132219,225,31.35,C,2016
107460,92,42,B+,2016
107443,142,18.17,D-,2016
142681,,,,2016
107441,204,26.34,C-,2016
143112,,,,2016
139995,150,23.18,D+,2016
139474,,,,2016
132217,106,28.53,C,2016
138087,264,24.03,D+,2016
137576,90,21.17,D,2016
107439,277,27.88,C-,2016
130534,681,,,2016
107442,178,25.73,C-,2016
107395,247,32.14,C+,2016
107366,303,23.04,D+,2016
136198,100,20.62,D,2016
135367,274,20.13,D,2016
130532,3874,21.82,D+,2016
140204,123,29.13,C,2016
107455,266,41.92,B+,2016
138566,17,15.88,D-,2016
142825,,,,2016
107350,111,26.14,C-,2016
107413,273,24.91,D+,2016
107391,51,20.97,D,2016
143113,,,,2016
139975,280,32.41,C+,2016
142031,92,28.95,C,2016
140569,443,30.5,C,2016
139182,303,33.95,C+,2016
107585,19,24.21,D+,2016
137036,182,27.34,C-,2016
139433,139,,,2016
136788,339,33.74,C+,2016
137444,173,25.11,C-,2016
107583,91,30.44,C,2016
141307,194,27.48,C-,2016
107563,154,7.37,E-,2016
107564,130,30.64,C,2016
136094,287,32.33,C+,2016
136604,312,27.63,C-,2016
137521,295,26.78,C-,2016
107562,162,26.28,C-,2016
130535,1539,,,2016
130538,2290,34.63,C+,2016
136283,614,34.24,C+,2016
130539,2331,27.92,C-,2016
130537,3320,5.26,E-,2016
136674,384,25.09,C-,2016
107756,84,,,2016
137424,249,28.13,C-,2016
137487,21,21.01,D,2016
141470,194,25.15,C-,2016
137352,234,26.39,C-,2016
137065,82,20,D,2016
108058,267,25.87,C-,2016
108057,284,29.35,C,2016
138304,126,30.42,C,2016
131898,98,,,2016
141940,391,,,2016
137577,45,24.15,D+,2016
108117,69,29.21,C,2016
136343,392,30.72,C,2016
108104,69,36.51,B-,2016
108113,415,42.69,B+,2016
108085,215,27.05,C-,2016
137775,272,30.81,C,2016
139282,107,19.54,D,2016
108055,206,25.22,C-,2016
135771,5239,26.07,C-,2016
130542,911,,,2016
136826,1,,,2016
139773,,,,2016
135935,167,23.82,D+,2016
136392,111,25.36,C-,2016
130548,1818,27.23,C-,2016
137704,294,33.17,C+,2016
108087,163,27.6,C-,2016
108079,183,26.7,C-,2016
108075,141,25.93,C-,2016
138336,244,29.22,C,2016
108076,443,28.85,C,2016
108081,154,20.47,D,2016
140565,,,,2016
108083,259,27.32,C-,2016
139351,284,30.03,C,2016
135969,69,22.79,D+,2016
139054,28,19.32,D,2016
108064,180,26.39,C-,2016
142604,,,,2016
108088,102,24.73,D+,2016
108114,224,31.75,C+,2016
137383,342,29.21,C,2016
108091,250,30.45,C,2016
137083,304,32.16,C+,2016
108090,172,26.85,C-,2016
108059,4,,,2016
137764,96,38.97,B,2016
138006,39,13.18,E+,2016
139335,233,23.57,D+,2016
135216,14,,,2016
137011,181,25.57,C-,2016
130550,2184,32.27,C+,2016
108300,129,32.55,C+,2016
136462,319,28.85,C,2016
135961,355,29.98,C,2016
108306,192,41,B,2016
138951,364,29,C,2016
108303,113,35.7,B-,2016
130549,3416,23.17,D+,2016
108305,156,39.14,B,2016
136613,77,,,2016
136633,58,,,2016
108420,272,38.21,B-,2016
130551,2290,24.18,D+,2016
108407,111,27.04,C-,2016
137898,158,28.9,C,2016
137942,255,31.1,C,2016
137851,327,32.76,C+,2016
141185,219,25.78,C-,2016
137360,300,30.79,C,2016
137852,224,32.58,C+,2016
108547,198,38.33,B-,2016
140976,56,19.4,D,2016
135423,220,23.65,D+,2016
136352,608,29.92,C,2016
108531,427,30.49,C,2016
138120,275,22.92,D+,2016
130552,9421,23.82,D+,2016
108538,199,37.97,B-,2016
108544,43,33.54,C+,2016
108549,334,45.36,A-,2016
137708,272,36.22,B-,2016
137900,182,33.72,C+,2016
108526,101,26.11,C-,2016
140081,169,32.46,C+,2016
140965,50,11.25,E,2016
142673,,,,2016
108524,213,33.07,C+,2016
108525,155,25.08,C-,2016
108542,37,37.83,B-,2016
108641,85,32.63,C+,2016
108639,122,32.41,C+,2016
139658,156,32.09,C+,2016
108645,167,28.46,C,2016
108642,177,27.01,C-,2016
137734,316,32.31,C+,2016
108647,98,24.37,D+,2016
134916,1412,27.4,C-,2016
108638,544,31.43,C,2016
108640,214,29.77,C,2016
108726,287,31.91,C+,2016
139878,365,26,C-,2016
108736,130,32.15,C+,2016
130555,1353,,,2016
136386,103,,,2016
131347,3718,25.1,C-,2016
138567,35,31.51,C,2016
139538,127,25.51,C-,2016
138054,282,27.03,C-,2016
108870,542,29.89,C,2016
138103,153,29.24,C,2016
109306,198,30.08,C,2016
136966,214,33.38,C+,2016
142127,40,,,2016
109374,230,46.03,A-,2016
109346,219,43.96,B+,2016
142125,60,,,2016
109360,167,38.96,B,2016
136335,297,29.77,C,2016
136483,36,24.5,D+,2016
138147,54,32.31,C+,2016
130558,2110,,,2016
138394,,,,2016
140944,78,28.13,C-,2016
109347,205,38.53,B,2016
138522,248,32.43,C+,2016
136520,379,30.13,C,2016
109348,175,43.32,B+,2016
109329,135,27.59,C-,2016
109328,13,34.06,C+,2016
136311,59,33.68,C+,2016
137523,263,34.82,C+,2016
137548,240,29.03,C,2016
134221,138,18.87,D,2016
131094,3136,23.11,D+,2016
109334,340,41.51,B,2016
135300,2,21.33,D,2016
135575,195,34.92,C+,2016
136822,6,,,2016
109369,295,45.18,A-,2016
135959,9,,,2016
109335,67,34.69,C+,2016
135581,135,31.24,C,2016
109336,115,35.54,B-,2016
137440,422,31.22,C,2016
134441,69,,,2016
109278,157,22.88,D+,2016
109337,111,47.17,A-,2016
135597,68,17.04,D-,2016
135671,,,,2016
141652,64,,,2016
135663,29,20.29,D,2016
109370,159,43.59,B+,2016
109371,125,39.03,B,2016
138855,441,35.58,B-,2016
109372,76,43.3,B+,2016
137627,131,28.67,C,2016
130563,1675,28.56,C,2016
109327,625,33.38,C+,2016
135589,863,33.51,C+,2016
137000,259,31.4,C,2016
137884,181,31.18,C,2016
136856,400,30.51,C,2016
136722,360,33.1,C+,2016
138466,156,27.82,C-,2016
141040,287,21.07,D,2016
109317,97,25.75,C-,2016
109362,176,36.67,B-,2016
130564,3387,24.81,D+,2016
109324,124,28.04,C-,2016
142079,22,,,2016
139345,139,32.41,C+,2016
139067,117,25.79,C-,2016
109322,1,7.65,E-,2016
141042,1,27.84,C-,2016
135295,506,25.14,C-,2016
137950,6,,,2016
137106,3,18.33,D-,2016
142008,79,29.01,C,2016
141341,133,30.09,C,2016
140288,110,26.05,C-,2016
135944,305,36.13,B-,2016
135943,91,12.5,E+,2016
141665,114,26.72,C-,2016
139238,3836,24.82,D+,2016
137753,188,27.91,C-,2016
109319,147,24.56,D+,2016
139669,146,17.02,D-,2016
139348,339,33.84,C+,2016
139405,89,23.81,D+,2016
140867,274,28.3,C-,2016
130567,1138,10,E,2016
130568,864,26.04,C-,2016
130571,467,34.86,C+,2016
134223,177,34.18,C+,2016
130908,352,30.44,C,2016
130570,4400,22.53,D+,2016
135606,213,26.41,C-,2016
136139,42,16.11,D-,2016
141013,71,21.8,D+,2016
138845,164,35.01,B-,2016
130573,722,,,2016
139318,231,31.77,C+,2016
111727,343,36.05,B-,2016
140949,,,,2016
111767,1,,,2016
130576,1781,26.5,C-,2016
111768,52,31.57,C,2016
111769,286,42.77,B+,2016
135598,154,23.88,D+,2016
130579,3002,16.73,D-,2016
118131,209,39.53,B,2016
118117,494,32.86,C+,2016
135945,103,13.64,E+,2016
130580,1380,25.1,C-,2016
130581,1948,28.4,C,2016
136921,156,32.96,C+,2016
118078,252,26.06,C-,2016
130582,1055,20.49,D,2016
134589,14,32.4,C+,2016
137316,63,11.49,E,2016
118085,109,27,C-,2016
137306,192,34.71,C+,2016
118082,179,28.83,C,2016
118126,107,34.9,C+,2016
118073,182,27.83,C-,2016
118132,189,37.61,B-,2016
136995,116,28.58,C,2016
118072,102,30.4,C,2016
118080,182,27.21,C-,2016
136667,448,31.48,C,2016
130584,1653,,,2016
118075,108,21.51,D,2016
118081,195,30.92,C,2016
118083,211,29.49,C,2016
118111,97,21.6,D,2016
134821,218,29.43,C,2016
130586,1656,25.44,C-,2016
130585,3047,,,2016
135294,85,17.38,D-,2016
135176,92,12.56,E+,2016
118124,20,27.4,C-,2016
136268,208,32.66,C+,2016
142130,24,,,2016
130588,1693,31.44,C,2016
130587,1715,16.31,D-,2016
118109,30,18.67,D,2016
118112,65,25.02,C-,2016
137742,32,,,2016
137453,63,22.24,D+,2016
130591,1416,24.62,D+,2016
121687,252,32.07,C+,2016
121671,193,27.4,C-,2016
121681,155,28.65,C,2016
121678,224,32.76,C+,2016
136728,138,30.09,C,2016
137412,52,20.35,D,2016
121743,312,50.72,A,2016
121749,126,42.09,B+,2016
121748,30,23.33,D+,2016
121680,236,28.22,C-,2016
121694,270,39.83,B,2016
136896,227,29.43,C,2016
137139,695,31.41,C,2016
121717,383,31.41,C,2016
121730,64,,,2016
130593,1035,31.94,C+,2016
142884,,,,2016
130592,1284,27.71,C-,2016
121689,99,32.94,C+,2016
121695,115,23.97,D+,2016
136664,239,36.44,B-,2016
136736,338,29.78,C,2016
141930,220,38.03,B-,2016
121693,246,31.16,C,2016
121666,148,27.21,C-,2016
121679,45,23.95,D+,2016
121699,88,19.49,D,2016
121667,296,32.85,C+,2016
121735,258,39.96,B,2016
121664,173,28.89,C,2016
121716,239,36.68,B-,2016
131124,355,46.24,A-,2016
121733,47,33.56,C+,2016
121740,133,35.17,B-,2016
136497,544,32.64,C+,2016
138190,146,21.74,D+,2016
121741,140,38.76,B,2016
121758,160,36.18,B-,2016
132913,1078,31.41,C,2016
121720,430,34.06,C+,2016
141555,25,30.87,C,2016
121684,319,34,C+,2016
134727,63,,,2016
136617,243,36.85,B-,2016
121673,322,31.24,C,2016
121711,256,28.88,C,2016
130595,2182,15,D-,2016
121726,67,38.72,B,2016
121724,229,43.82,B+,2016
121722,182,39.78,B,2016
130594,3521,31.97,C+,2016
135337,129,21.47,D,2016
130600,2733,27.01,C-,2016
130599,1305,,,2016
135338,107,18.62,D,2016
139237,31,,,2016
134807,17,28.89,C,2016
142310,228,31.26,C,2016
109665,149,26.14,C-,2016
142387,,,,2016
139798,414,29.88,C,2016
136122,1,,,2016
139160,214,29.7,C,2016
136085,136,24.32,D+,2016
130597,3267,24.67,D+,2016
109727,192,38.73,B,2016
109728,304,43.01,B+,2016
109718,289,42.6,B+,2016
139517,186,28.03,C-,2016
109690,252,24.02,D+,2016
136470,678,29.61,C,2016
137522,33,27.02,C-,2016
137948,384,29.57,C,2016
109669,156,23.36,D+,2016
137886,325,29.73,C,2016
137169,247,30.72,C,2016
137462,322,29.65,C,2016
130598,1180,,,2016
138199,94,26.67,C-,2016
135946,75,18.1,D-,2016
137632,,,,2016
141520,22,24.05,D+,2016
134503,26,28.72,C,2016
137941,350,28.3,C-,2016
109705,247,24.46,D+,2016
138571,166,24.26,D+,2016
136559,419,33.6,C+,2016
137219,322,42.78,B+,2016
137215,261,25.26,C-,2016
137091,397,40.25,B,2016
137280,121,21.15,D,2016
110533,180,25.34,C-,2016
110500,11,,,2016
136419,409,43.52,B+,2016
130608,1426,28,C-,2016
137343,95,22.19,D+,2016
137864,69,8.65,E,2016
134467,23,28.83,C,2016
110488,129,23.81,D+,2016
136964,207,29.75,C,2016
136858,122,22.17,D+,2016
138058,87,24.14,D+,2016
137261,97,25.93,C-,2016
136771,307,38.57,B,2016
139897,,,,2016
130607,1319,21.76,D+,2016
136884,389,40.6,B,2016
136846,366,39.64,B,2016
135879,78,21.27,D,2016
110497,216,7.83,E-,2016
110490,166,29.24,C,2016
140893,307,40.41,B,2016
139367,111,24.65,D+,2016
110545,64,38.56,B,2016
137372,115,26.46,C-,2016
136484,396,40.33,B,2016
137344,406,40.27,B,2016
110544,45,35.69,B-,2016
110516,68,26.29,C-,2016
136845,359,37.95,B-,2016
139663,,,,2016
136781,408,41.36,B,2016
137256,184,21.76,D+,2016
110548,337,35.88,B-,2016
137355,256,31.67,C+,2016
110536,98,31.17,C,2016
110547,175,51.64,A,2016
136723,400,40.26,B,2016
140678,48,24.55,D+,2016
110484,135,25.05,C-,2016
139434,76,16.67,D-,2016
137564,273,35.7,B-,2016
136468,399,30.17,C,2016
136844,239,28.82,C,2016
110531,221,27.12,C-,2016
135665,163,21.56,D,2016
130609,2347,20.42,D,2016
136454,199,33.1,C+,2016
137052,414,30.35,C,2016
110532,163,24.38,D+,2016
110517,431,29.34,C,2016
136730,332,29.61,C,2016
138439,114,14.13,E+,2016
110587,46,,,2016
110526,308,25.53,C-,2016
143134,,,,2016
136842,329,28.59,C,2016
110567,15,31.71,C+,2016
130638,3187,20.17,D,2016
142405,,,,2016
112969,289,31.03,C,2016
136505,344,32.87,C+,2016
112943,131,27.91,C-,2016
112968,105,32.28,C+,2016
135074,15,31.63,C,2016
112994,162,25.42,C-,2016
112957,172,28.87,C,2016
113003,59,29.7,C,2016
137606,161,30.42,C,2016
112950,257,32.82,C+,2016
137350,16,,,2016
136591,323,28.54,C,2016
136485,161,27.09,C-,2016
112996,305,32.86,C+,2016
136716,188,22.35,D+,2016
113010,83,30.25,C,2016
137902,293,24.73,D+,2016
112936,86,30.13,C,2016
113007,52,37.79,B-,2016
137109,50,26.24,C-,2016
141377,124,25.57,C-,2016
113004,230,37.35,B-,2016
112933,325,28.29,C-,2016
112935,80,29.5,C,2016
136548,330,30.06,C,2016
112939,144,17.36,D-,2016
112970,186,31.18,C,2016
112931,,10,E,2016
112995,171,26.99,C-,2016
136972,237,32.31,C+,2016
113009,300,43.67,B+,2016
141259,119,22.39,D+,2016
112989,244,25.82,C-,2016
138470,282,37.85,B-,2016
112930,130,25.6,C-,2016
136360,356,33.69,C+,2016
133585,4798,23.74,D+,2016
113028,64,36.37,B-,2016
113017,63,35.31,B-,2016
142129,43,,,2016
112952,181,25.07,C-,2016
135120,301,30.54,C,2016
137420,86,,,2016
112956,313,34.45,C+,2016
139051,100,23.66,D+,2016
112992,102,20.41,D,2016
138622,205,28.44,C,2016
112951,90,11.57,E,2016
137911,195,28.89,C,2016
113912,183,33.14,C+,2016
140977,,,,2016
113854,270,26.15,C-,2016
113882,387,31.2,C,2016
141378,52,,,2016
138471,437,32.2,C+,2016
136763,290,32.26,C+,2016
138388,48,15,D-,2016
130655,650,,,2016
113920,78,41.48,B,2016
113863,294,29.63,C,2016
113932,116,21.48,D,2016
113884,96,34.27,C+,2016
113855,175,27.99,C-,2016
141526,409,27.04,C-,2016
113919,167,38.8,B,2016
141735,145,23.43,D+,2016
137163,769,32.95,C+,2016
136649,388,31.48,C,2016
113888,196,28.59,C,2016
130653,1225,23.48,D+,2016
113901,178,30.18,C,2016
113910,287,39.93,B,2016
113902,458,26.39,C-,2016
113943,7,,,2016
126515,95,41.2,B,2016
140898,307,29.19,C,2016
113918,243,41.49,B,2016
136574,390,26.36,C-,2016
139711,114,25.9,C-,2016
136368,345,39.01,B,2016
136850,309,33.38,C+,2016
113907,271,23.98,D+,2016
136206,8,,,2016
113893,182,27.78,C-,2016
130652,3193,21.29,D,2016
113922,256,43.41,B+,2016
138333,133,42.19,B+,2016
138385,120,24.25,D+,2016
138193,160,29.29,C,2016
139037,236,16.23,D-,2016
139596,1,,,2016
137349,290,28.21,C-,2016
136120,101,23.41,D+,2016
113945,89,35.7,B-,2016
136125,86,17.92,D-,2016
113937,105,33.63,C+,2016
137452,371,35.38,B-,2016
136996,336,38.52,B,2016
137638,83,34.11,C+,2016
130658,707,,,2016
114311,,,,2016
114330,76,43,B+,2016
114312,343,41.03,B,2016
114331,152,35.78,B-,2016
114310,1140,31.86,C+,2016
131859,1499,20,D,2016
137696,173,33.18,C+,2016
141109,41,,,2016
136683,231,28.32,C-,2016
136770,156,28.03,C-,2016
130659,2553,23.48,D+,2016
114336,157,29.51,C,2016
136745,107,24.01,D+,2016
136971,279,26.19,C-,2016
114327,142,29.72,C,2016
138172,307,33.68,C+,2016
137702,264,30.56,C,2016
114326,243,35.44,B-,2016
130657,636,,,2016
137153,130,31.76,C+,2016
142894,,,,2016
114300,116,23.67,D+,2016
114297,101,22.17,D+,2016
138717,,,,2016
130656,1569,,,2016
142174,40,25.11,C-,2016
130662,1978,31.67,C+,2016
137622,266,31.73,C+,2016
114640,71,29.36,C,2016
114650,286,40.83,B,2016
139796,53,,,2016
114659,18,,,2016
138472,210,31.86,C+,2016
139996,104,31.46,C,2016
114587,353,31.49,C,2016
139821,100,31.45,C,2016
114634,73,30.41,C,2016
114627,130,39.54,B,2016
114625,68,37.54,B-,2016
114651,56,35.06,B-,2016
114622,113,35.24,B-,2016
137982,284,27.95,C-,2016
130667,889,,,2016
114657,334,41.33,B,2016
137232,63,22.45,D+,2016
139689,77,33.08,C+,2016
130670,1896,26.47,C-,2016
138473,88,28.48,C,2016
130665,1802,24.1,D+,2016
133435,3737,28.92,C,2016
114590,382,31.62,C,2016
114591,182,27.65,C-,2016
141394,30,,,2016
114656,188,31.59,C,2016
130663,1854,,,2016
114607,203,24.43,D+,2016
139409,,,,2016
137063,110,19.05,D,2016
114616,169,44.12,B+,2016
114664,515,36.17,B-,2016
130668,1449,32.37,C+,2016
114606,127,24.59,D+,2016
136164,80,17.06,D-,2016
114658,55,43.28,B+,2016
114614,405,50.17,A,2016
130669,2543,35.72,B-,2016
114611,459,30.14,C,2016
116579,234,43.42,B+,2016
130691,1768,30.11,C,2016
116537,38,38.69,B,2016
130692,1260,,,2016
135240,6,,,2016
130693,1481,3.33,U,2016
130689,1537,20.8,D,2016
116517,84,41.79,B+,2016
116515,92,32.13,C+,2016
130702,1132,29.67,C,2016
136652,289,32.4,C+,2016
116521,195,34.67,C+,2016
116563,5,,,2016
138585,1,,,2016
137345,263,28.39,C,2016
130701,3005,30.52,C,2016
130688,1677,0,U,2016
137791,464,33.1,C+,2016
130708,3855,35,B-,2016
130700,2134,28.88,C,2016
116527,199,43.52,B+,2016
136657,352,33.71,C+,2016
116594,16,,,2016
116534,146,45.61,A-,2016
130705,831,24.7,D+,2016
116543,155,40.1,B,2016
134769,44,43.08,B+,2016
130703,3701,35.11,B-,2016
130695,3945,28.82,C,2016
130698,2551,28.82,C,2016
130699,435,17.91,D-,2016
116532,281,,,2016
116433,309,27.57,C-,2016
130690,2711,28.81,C,2016
116574,40,,,2016
136719,303,28.68,C,2016
135965,24,,,2016
130697,1302,26.26,C-,2016
130706,1222,26.74,C-,2016
116583,350,41.97,B+,2016
116581,82,40.58,B,2016
116582,92,33,C+,2016
130704,1388,27.43,C-,2016
116580,245,43.57,B+,2016
130707,1209,24.19,D+,2016
138476,113,24.03,D+,2016
130696,1188,,,2016
116458,116,26.73,C-,2016
120333,159,43.08,B+,2016
138150,595,28.16,C-,2016
138223,21,7.5,E-,2016
120317,35,35.71,B-,2016
139624,1029,28.89,C,2016
120316,170,38.8,B,2016
137640,379,29.23,C,2016
137161,410,32.83,C+,2016
138819,461,32.09,C+,2016
141012,37,,,2016
135217,11,,,2016
130747,728,,,2016
137317,7,18.48,D,2016
120331,55,41.92,B+,2016
130784,322,36.31,B-,2016
138894,209,24.75,D+,2016
141129,42,37.06,B-,2016
137969,431,30.41,C,2016
140787,169,29.59,C,2016
141874,,,,2016
141894,166,24.86,D+,2016
138524,289,27.86,C-,2016
138298,240,27.17,C-,2016
120339,60,33.9,C+,2016
138627,360,27.38,C-,2016
138327,,,,2016
141682,551,34.07,C+,2016
120274,175,26.97,C-,2016
138833,604,28.36,C,2016
137617,2,,,2016
138821,263,26.19,C-,2016
120334,233,41.51,B,2016
138628,,,,2016
130748,2566,24.11,D+,2016
120332,290,37.63,B-,2016
137983,188,28.07,C-,2016
120341,127,30.69,C,2016
130754,932,,,2016
120297,342,25.51,C-,2016
120345,26,,,2016
120306,145,30.76,C,2016
130755,1468,22.72,D+,2016
131863,3350,21.4,D,2016
120324,76,39.62,B,2016
131945,36,,,2016
130757,1017,22.61,D+,2016
120307,160,25.65,C-,2016
130756,2255,28.62,C,2016
141965,53,,,2016
120322,411,40.18,B,2016
120320,355,39.65,B,2016
137340,197,30.02,C,2016
124486,22,41.03,B,2016
131695,70,25.77,C-,2016
124443,191,29.25,C,2016
136959,69,30.84,C,2016
124425,200,30.82,C,2016
124400,308,28.5,C,2016
140123,204,30.22,C,2016
136414,332,29.71,C,2016
124473,194,39.62,B,2016
136886,133,30.46,C,2016
124449,91,28.46,C,2016
124470,46,32.79,C+,2016
124422,221,29.81,C,2016
124402,114,23.07,D+,2016
137103,156,26.81,C-,2016
137100,1,20.37,D,2016
139234,197,21.42,D,2016
136323,349,33.79,C+,2016
124445,95,21.4,D,2016
124408,329,29.31,C,2016
141700,34,18.67,D,2016
142313,177,26.54,C-,2016
141342,52,28.67,C,2016
141491,550,24.53,D+,2016
124406,85,21.75,D+,2016
124474,37,32.83,C+,2016
136685,62,,,2016
124399,59,30.84,C,2016
124409,93,24.32,D+,2016
130812,3609,27.6,C-,2016
124487,133,39.14,B,2016
124395,74,23.95,D+,2016
141343,137,29.02,C,2016
124392,140,25.22,C-,2016
138729,189,30.84,C,2016
124391,158,23.24,D+,2016
138351,25,22.07,D+,2016
124471,28,36.78,B-,2016
140802,118,26.19,C-,2016
137356,208,28.3,C-,2016
124520,19,,,2016
124444,120,29.8,C,2016
135658,2512,,,2016
124489,93,38.58,B,2016
124467,29,22.08,D+,2016
137164,58,23.65,D+,2016
124430,269,30.18,C,2016
139708,9,25.12,C-,2016
124416,262,29.45,C,2016
124459,89,18.8,D,2016
124455,108,26.13,C-,2016
137553,98,27.92,C-,2016
124407,284,31.25,C,2016
124396,105,20.36,D,2016
124415,162,36.57,B-,2016
130809,1780,20.06,D,2016
137384,136,28.5,C,2016
124468,133,27.93,C-,2016
133104,317,30.84,C,2016
130817,1398,25.91,C-,2016
138549,100,,,2016
136680,35,8.75,E,2016
136145,33,20.28,D,2016
136460,421,34.82,C+,2016
139590,43,,,2016
130815,1811,,,2016
140149,109,26.33,C-,2016
140304,137,25.28,C-,2016
138256,11,,,2016
138885,170,25.32,C-,2016
136611,251,31.94,C+,2016
126532,292,41.01,B,2016
138630,155,30.88,C,2016
131969,119,28.34,C,2016
134460,41,31.85,C+,2016
126519,100,41.95,B+,2016
136296,290,30.56,C,2016
137650,138,27,C-,2016
138020,149,34.65,C+,2016
137230,287,30.78,C,2016
126459,83,22.42,D+,2016
137308,209,35.47,B-,2016
126516,409,42.57,B+,2016
126510,169,25.08,C-,2016
141911,175,29.84,C,2016
136911,222,36.55,B-,2016
137375,191,32.23,C+,2016
138623,388,32.69,C+,2016
137057,253,30.67,C,2016
126513,116,44.99,B+,2016
140621,187,25.25,C-,2016
136183,59,20.37,D,2016
136632,372,31.16,C,2016
136391,354,39.61,B,2016
141964,69,,,2016
126512,36,29.56,C,2016
136500,288,38.02,B-,2016
135486,7,,,2016
126522,133,31.96,C+,2016
135804,146,22.26,D+,2016
132779,3047,,,2016
137190,123,28.81,C,2016
137264,121,26.6,C-,2016
126536,3,,,2016
130851,3262,25.64,C-,2016
137160,204,31.63,C,2016
136980,128,24.51,D+,2016
135364,309,29.74,C,2016
130849,1684,15.71,D-,2016
140972,76,19.41,D,2016
110071,107,24.31,D+,2016
110049,316,34.84,C+,2016
110069,235,28.31,C-,2016
110117,67,40.83,B,2016
110159,188,33.47,C+,2016
137267,197,32.37,C+,2016
110068,110,24.8,D+,2016
110125,465,46.09,A-,2016
130603,981,24.54,D+,2016
142577,,,,2016
110047,103,20.13,D,2016
138823,502,32.77,C+,2016
133580,7,,,2016
110147,17,31.67,C+,2016
110153,134,31.92,C+,2016
137695,93,25.22,C-,2016
138342,113,24.07,D+,2016
138879,179,26.35,C-,2016
110158,551,50.72,A,2016
137740,288,29.66,C,2016
139971,,,,2016
110150,23,33.41,C+,2016
110152,66,37.36,B-,2016
110051,205,35.61,B-,2016
110167,15,,,2016
110119,91,37.11,B-,2016
130606,1227,23.98,D+,2016
110120,149,47.26,A-,2016
141844,220,30.79,C,2016
141852,209,28.36,C,2016
139938,173,28.47,C,2016
138525,105,32.71,C+,2016
110048,176,28.39,C,2016
110121,332,38.97,B,2016
137777,154,29.56,C,2016
110123,179,41.17,B,2016
110102,311,32.46,C+,2016
110050,1,5.91,E-,2016
136647,365,32.63,C+,2016
110063,373,27.46,C-,2016
110180,54,23.92,D+,2016
130602,586,,,2016
135819,19,29,C,2016
110169,69,30.88,C,2016
110132,149,32.44,C+,2016
136733,242,28.92,C,2016
137465,426,32.15,C+,2016
110128,49,38.43,B,2016
110165,186,45.43,A-,2016
136307,208,28.02,C-,2016
130247,187,19.08,D,2016
136448,258,46.6,A-,2016
110110,147,35.73,B-,2016
136876,203,21.84,D+,2016
110109,131,36.97,B-,2016
110096,53,,,2016
136449,304,46.68,A-,2016
110111,42,34.65,C+,2016
139268,205,29.05,C,2016
110107,126,23.47,D+,2016
142121,,,,2016
141009,,,,2016
130604,2167,19.64,D,2016
141970,,,,2016
137726,271,35.14,B-,2016
135631,210,24.38,D+,2016
136521,324,38.73,B,2016
140156,,,,2016
137259,108,31.06,C,2016
110076,86,19.32,D,2016
110084,243,37.39,B-,2016
110087,105,22.14,D+,2016
137287,237,23.54,D+,2016
136420,309,29.74,C,2016
138012,111,25.98,C-,2016
110078,144,22.46,D+,2016
110060,190,30,C,2016
139853,219,27.92,C-,2016
136880,254,33.28,C+,2016
110136,47,33.96,C+,2016
136637,414,33.73,C+,2016
136891,288,34.22,C+,2016
110151,257,40.44,B,2016
110137,68,29.64,C,2016
110059,199,28.73,C,2016
142166,203,31.95,C+,2016
142181,,,,2016
110062,213,27.74,C-,2016
136463,357,34.62,C+,2016
137434,44,,,2016
138177,148,29.16,C,2016
137779,149,15.65,D-,2016
143404,,,,2016
137187,3,21.89,D+,2016
134454,20,29.32,C,2016
130615,2169,41.69,B+,2016
137475,386,30.51,C,2016
130612,757,,,2016
137826,228,27.79,C-,2016
110925,208,39.14,B,2016
110916,171,36.99,B-,2016
110914,244,39.89,B,2016
130616,2141,26.13,C-,2016
136992,444,29.01,C,2016
110930,166,38.37,B,2016
139272,163,26.86,C-,2016
142035,,,,2016
110873,197,27.87,C-,2016
136636,174,,,2016
110923,343,49.42,A,2016
110932,75,31.33,C,2016
131074,140,42.71,B+,2016
137305,330,29.63,C,2016
110912,109,41.61,B,2016
136083,257,43.99,B+,2016
137248,122,25.26,C-,2016
136974,168,28.94,C,2016
138053,96,29.33,C,2016
110924,155,49.07,A,2016
142932,,,,2016
137867,76,17.99,D-,2016
137377,116,31.22,C,2016
140265,149,16.6,D-,2016
110926,110,32.12,C+,2016
110935,474,37.37,B-,2016
110934,110,34.51,C+,2016
130610,2675,,,2016
139082,,,,2016
142902,,,,2016
141300,165,24.8,D+,2016
136266,336,32.67,C+,2016
136023,2,,,2016
110899,277,25.72,C-,2016
110882,144,23.91,D+,2016
136398,367,36.06,B-,2016
137082,168,22.29,D+,2016
135980,104,25.09,C-,2016
130613,2797,,,2016
110910,77,31.42,C,2016
110907,119,23.61,D+,2016
137880,150,27.14,C-,2016
135263,346,28.97,C,2016
137084,349,22.54,D+,2016
140578,31,,,2016
136779,41,26.53,C-,2016
136185,235,26.67,C-,2016
130622,2635,29.8,C,2016
135731,151,19.91,D,2016
111457,168,30,C,2016
138198,51,,,2016
111430,,10.93,E,2016
140620,83,2,U,2016
139152,352,27.74,C-,2016
138562,,,,2016
138732,361,30.98,C,2016
139506,108,24.77,D+,2016
130624,1997,27.92,C-,2016
139840,163,20.12,D,2016
139072,8,,,2016
142899,,,,2016
130617,1288,,,2016
141598,99,31.48,C,2016
136638,160,29.13,C,2016
136366,216,44.93,B+,2016
137176,157,23.22,D+,2016
136200,22,18.41,D,2016
130645,5425,30.83,C,2016
140971,91,43.35,B+,2016
113607,222,43.57,B+,2016
113632,47,39.69,B,2016
136612,406,27.5,C-,2016
136912,91,22.26,D+,2016
139553,160,25.58,C-,2016
136336,556,29.81,C,2016
113520,275,32.01,C+,2016
136673,212,31.76,C+,2016
136367,325,34.33,C+,2016
113604,75,32.52,C+,2016
142124,12,,,2016
113497,128,23.51,D+,2016
113623,2,,,2016
113608,129,42.68,B+,2016
113573,135,31.64,C,2016
137124,223,29.23,C,2016
113540,189,31.97,C+,2016
130646,2940,28.19,C-,2016
136646,232,30.6,C,2016
139816,,,,2016
113583,16,,,2016
113516,222,26.4,C-,2016
142540,,,,2016
113605,69,32.97,C+,2016
113503,118,27.19,C-,2016
136569,267,31.68,C+,2016
141749,27,,,2016
113579,66,28.14,C-,2016
113539,288,29.68,C,2016
136494,190,27.16,C-,2016
136495,178,28.47,C,2016
113574,75,28.5,C,2016
113606,139,36.71,B-,2016
113575,209,38.5,B,2016
113562,10,,,2016
136142,166,23.42,D+,2016
130649,2189,21.26,D,2016
136558,230,25.94,C-,2016
136496,281,32.99,C+,2016
136588,231,36.83,B-,2016
140104,223,23.66,D+,2016
135849,16,,,2016
136557,203,29.35,C,2016
136668,237,25.81,C-,2016
136166,176,16.21,D-,2016
140737,179,26.57,C-,2016
113609,162,35.59,B-,2016
113532,201,33.77,C+,2016
142116,36,,,2016
136568,292,28.57,C,2016
136556,209,27.47,C-,2016
140693,166,23.06,D+,2016
113533,175,24.51,D+,2016
136626,251,23.74,D+,2016
137206,178,22.06,D+,2016
139432,79,12.28,E+,2016
136388,307,34.55,C+,2016
139666,70,,,2016
136738,194,30.89,C,2016
138863,116,13.4,E+,2016
113551,148,25.74,C-,2016
130648,2508,26.88,C-,2016
113526,129,21.2,D,2016
138370,132,18.93,D,2016
136321,337,36.18,B-,2016
136506,230,42.24,B+,2016
137755,123,22.91,D+,2016
137260,170,30,C,2016
130679,2116,12.97,E+,2016
136412,234,42.41,B+,2016
115392,186,42.95,B+,2016
135957,265,19.93,D,2016
138084,256,28.14,C-,2016
137515,237,40.94,B,2016
115409,18,,,2016
130674,4010,17.6,D-,2016
137814,353,45.87,A-,2016
137429,165,19.52,D,2016
136625,341,33.17,C+,2016
136555,51,,,2016
137727,275,30.95,C,2016
130677,1651,26.91,C-,2016
115236,29,,,2016
115395,243,36.58,B-,2016
141841,1,,,2016
115398,54,31.67,C+,2016
115396,21,24.95,D+,2016
136904,205,29.39,C,2016
136579,137,27.24,C-,2016
135652,225,26.13,C-,2016
115437,49,20.51,D,2016
130676,2403,30.7,C,2016
137946,130,17,D-,2016
139153,193,24.8,D+,2016
137975,189,20.92,D,2016
137072,126,22.77,D+,2016
138734,115,22.17,D+,2016
136868,234,20.96,D,2016
136642,360,43.85,B+,2016
136577,389,29.22,C,2016
135653,131,22.18,D+,2016
137048,336,31.85,C+,2016
136863,231,29.32,C,2016
143422,,,,2016
139781,106,,,2016
115387,205,41.24,B,2016
135651,69,19.52,D,2016
137013,255,26.4,C-,2016
141947,,,,2016
137152,150,23.21,D+,2016
135897,202,16.77,D-,2016
137619,191,25.18,C-,2016
137790,304,27.55,C-,2016
115322,132,30.81,C,2016
141084,459,,,2016
138239,,,,2016
115235,51,,,2016
136776,554,36.29,B-,2016
115238,194,32.07,C+,2016
137058,220,22.24,D+,2016
136875,378,28.46,C,2016
137240,181,28.97,C,2016
136861,284,27.16,C-,2016
130681,2389,26.44,C-,2016
137877,367,32.58,C+,2016
140570,41,9.41,E,2016
130680,3110,26.63,C-,2016
139534,231,23.72,D+,2016
138255,92,,,2016
137188,329,27.68,C-,2016
137241,134,24.44,D+,2016
115431,12,29,C,2016
136758,265,28.76,C,2016
136605,309,29.69,C,2016
137874,252,31.61,C,2016
140982,241,25.01,C-,2016
115429,322,40.67,B,2016
138834,183,33.37,C+,2016
139181,156,24.59,D+,2016
142077,61,27.98,C-,2016
141741,186,26.4,C-,2016
132762,,,,2016
138174,178,21.77,D+,2016
137312,160,28.89,C,2016
137310,252,26.61,C-,2016
137733,302,24.64,D+,2016
130672,5953,21.25,D,2016
136443,385,40.19,B,2016
136444,283,37.91,B-,2016
136272,335,40.82,B,2016
136490,328,40.1,B,2016
136854,190,26.3,C-,2016
133114,1,13.75,E+,2016
137549,284,34.13,C+,2016
136387,92,22.07,D+,2016
135960,54,14.41,E+,2016
130682,1718,25.15,C-,2016
116941,42,6.36,E-,2016
135662,118,21.3,D,2016
117036,164,39.37,B,2016
130714,382,32.35,C+,2016
130718,2136,31.19,C,2016
130710,1689,27.86,C-,2016
136399,334,35.84,B-,2016
136803,111,32.51,C+,2016
137608,44,30,C,2016
117045,55,26.44,C-,2016
139895,20,,,2016
136405,,,,2016
137625,323,32.37,C+,2016
136890,57,,,2016
116932,97,19.36,D,2016
136927,232,28.13,C-,2016
137186,163,21.48,D,2016
141414,217,29.79,C,2016
137101,195,32.66,C+,2016
136898,331,33.41,C+,2016
130713,2854,21.82,D+,2016
138505,142,26.56,C-,2016
141105,30,23.28,D+,2016
138032,131,30.19,C,2016
117037,287,40.16,B,2016
117044,68,18.67,D,2016
117017,311,37.96,B-,2016
117018,139,36.97,B-,2016
116928,150,26.49,C-,2016
138660,151,26.73,C-,2016
136925,246,29.9,C,2016
117056,23,,,2016
136469,326,32.28,C+,2016
117038,217,40.27,B,2016
141063,239,29.19,C,2016
117046,87,38.21,B-,2016
135035,151,29.25,C,2016
117035,35,,,2016
140292,363,31.22,C,2016
137162,174,26.26,C-,2016
137167,193,24.3,D+,2016
140731,152,26.21,C-,2016
135913,100,26.5,C-,2016
138664,84,28.55,C,2016
135061,96,21.28,D,2016
136924,105,26.28,C-,2016
130719,1566,29.3,C,2016
117032,68,15,D-,2016
117012,439,42.12,B+,2016
131411,304,28.27,C-,2016
118910,45,18.42,D,2016
136382,463,29.16,C,2016
118991,39,,,2016
118803,101,19.54,D,2016
135371,274,24.04,D+,2016
137739,293,38.49,B,2016
137154,166,17.19,D-,2016
136585,407,13.58,E+,2016
136359,537,40,B,2016
118883,265,35.36,B-,2016
118785,131,26.13,C-,2016
136175,80,20.9,D,2016
118940,112,29.24,C,2016
118931,191,28.72,C,2016
118806,222,35.27,B-,2016
136177,108,22.76,D+,2016
138405,57,36.27,B-,2016
130728,1773,,,2016
137581,1,,,2016
134452,33,27.27,C-,2016
135195,297,26.57,C-,2016
137837,222,33.46,C+,2016
136324,289,23.18,D+,2016
137099,294,33.07,C+,2016
130733,935,,,2016
118898,116,20.07,D,2016
136571,149,13.33,E+,2016
138480,222,31.9,C+,2016
136349,105,24.84,D+,2016
136465,260,21.87,D+,2016
138236,92,19.7,D,2016
136305,193,35.2,B-,2016
136379,403,40.24,B,2016
137104,225,27.13,C-,2016
118796,96,16.2,D-,2016
118903,154,23.17,D+,2016
118937,168,40.2,B,2016
119040,40,,,2016
136582,310,36.29,B-,2016
136197,157,20.55,D,2016
118843,357,44.58,B+,2016
119001,193,40.08,B,2016
118946,130,38.97,B,2016
118996,387,43.52,B+,2016
138167,113,14.79,E+,2016
136128,176,26.77,C-,2016
135297,248,19.73,D,2016
140987,116,12.77,E+,2016
135630,161,27.82,C-,2016
118882,85,16.71,D-,2016
118835,346,35.86,B-,2016
118836,356,34.48,C+,2016
118897,52,10.98,E,2016
137833,196,22.99,D+,2016
135290,144,18.15,D-,2016
136847,201,26.85,C-,2016
137484,489,27.18,C-,2016
137834,242,31.08,C,2016
139075,70,25.22,C-,2016
135372,1,,,2016
130725,2759,,,2016
118832,156,21.22,D,2016
118788,139,20.17,D,2016
118928,180,16.61,D-,2016
138019,282,30.69,C,2016
136727,232,30.76,C,2016
139946,26,13.33,E+,2016
135721,141,19.14,D,2016
137474,174,31.34,C,2016
136304,20,,,2016
118930,164,13.48,E+,2016
136570,236,32.27,C+,2016
118957,25,29.84,C,2016
135826,107,,,2016
119007,28,31.38,C,2016
118949,68,33.03,C+,2016
140874,196,20.34,D,2016
136923,10,,,2016
118912,41,14.27,E+,2016
141217,,,,2016
118998,129,36.43,B-,2016
118919,150,17.09,D-,2016
137609,179,28.28,C-,2016
140640,221,30.88,C,2016
118933,251,24.81,D+,2016
118939,186,47.4,A-,2016
136603,308,31.88,C+,2016
118947,142,33.2,C+,2016
118978,126,29.44,C,2016
140537,209,33.18,C+,2016
136317,184,23.33,D+,2016
136300,148,16.67,D-,2016
118952,415,,,2016
118840,269,34.01,C+,2016
118884,506,34.78,C+,2016
136501,244,34.82,C+,2016
137687,212,25.26,C-,2016
135888,45,27.24,C-,2016
140595,253,43.77,B+,2016
135305,11,,,2016
118958,174,38.81,B,2016
118793,83,,,2016
136417,304,,,2016
118959,324,48.43,A,2016
136583,283,21.5,D,2016
139554,,,,2016
118789,287,42.02,B+,2016
118790,352,32.14,C+,2016
141628,127,19.93,D,2016
136581,299,26.15,C-,2016
119002,101,42.8,B+,2016
136455,303,39.09,B,2016
130727,1877,20.97,D,2016
136286,208,27.3,C-,2016
136205,127,21.82,D+,2016
137227,226,29.62,C,2016
137250,231,31.47,C,2016
137800,219,26.84,C-,2016
139542,115,24.86,D+,2016
139664,,,,2016
137458,193,19.75,D,2016
119026,27,,,2016
136302,561,19.16,D,2016
130730,4113,22.87,D+,2016
136594,235,29.75,C,2016
137389,161,34.09,C+,2016
136337,196,29.23,C,2016
138046,136,18.31,D-,2016
141466,290,21.64,D,2016
137119,124,26.29,C-,2016
118948,108,35.99,B-,2016
142081,95,,,2016
130726,4397,19.38,D,2016
136864,321,32.24,C+,2016
136456,214,24.87,D+,2016
138511,101,18.05,D-,2016
136313,337,41.05,B,2016
119006,199,35.45,B-,2016
118908,121,20.88,D,2016
136662,321,38.11,B-,2016
135964,211,19.45,D,2016
137376,190,24.93,D+,2016
136108,149,20.65,D,2016
137630,121,21.58,D,2016
136107,163,22.25,D+,2016
134820,257,20.49,D,2016
119770,87,16.54,D-,2016
136390,593,36.19,B-,2016
141971,,,,2016
119771,,,,2016
134770,10,,,2016
135936,51,23.36,D+,2016
119767,237,28.09,C-,2016
119711,152,19.47,D,2016
119836,141,39.37,B,2016
119794,166,26.58,C-,2016
132834,225,27.11,C-,2016
119798,167,27.57,C-,2016
130740,1922,22.69,D+,2016
131355,122,23.85,D+,2016
119707,34,,,2016
135822,14,,,2016
119835,186,30.21,C,2016
130737,1248,,,2016
136381,316,38.82,B,2016
136742,310,41.74,B+,2016
119740,109,28.59,C,2016
135649,189,25.51,C-,2016
138835,418,37.05,B-,2016
130734,895,30.81,C,2016
119813,107,22.29,D+,2016
137421,287,31.9,C+,2016
119773,55,24.33,D+,2016
119820,16,,,2016
119761,229,23.81,D+,2016
130743,1453,,,2016
130738,1750,30.26,C,2016
136801,2,,,2016
136731,389,29.56,C,2016
119818,180,30.88,C,2016
130741,4789,34.41,C+,2016
119819,13,24,D+,2016
119817,238,38.86,B,2016
135000,239,24.12,D+,2016
139792,34,,,2016
119722,157,21.33,D,2016
130735,2330,26.25,C-,2016
141028,,,,2016
130745,3201,35.27,B-,2016
119748,69,18.13,D-,2016
119744,148,23.15,D+,2016
135580,231,28.78,C,2016
139924,41,20.74,D,2016
131389,130,37.33,B-,2016
133541,17,5.38,E-,2016
141165,194,30.34,C,2016
130746,850,24.07,D+,2016
136900,246,30.48,C,2016
138220,1,,,2016
141565,175,35.27,B-,2016
130736,3076,22.15,D+,2016
119826,71,38.08,B-,2016
141257,128,27.34,C-,2016
130739,2489,11.67,E+,2016
130744,2156,30.35,C,2016
130783,3432,31.18,C,2016
140698,148,31.17,C,2016
122854,102,32.08,C+,2016
138810,128,24.25,D+,2016
122867,106,29.12,C,2016
139062,93,21.6,D,2016
138964,151,31.06,C,2016
138076,131,26.8,C-,2016
138661,24,,,2016
122830,80,29.76,C,2016
136291,309,31.3,C,2016
140992,88,28.84,C,2016
137536,313,31.87,C+,2016
139956,91,22.45,D+,2016
137981,629,27.76,C-,2016
137628,182,33.13,C+,2016
138641,146,28.34,C,2016
138481,68,14.79,E+,2016
122937,2,,,2016
140549,75,19.86,D,2016
137158,75,28.05,C-,2016
138411,80,27.44,C-,2016
122898,327,32.43,C+,2016
137159,149,30.76,C,2016
138872,48,23.09,D+,2016
138248,186,30.42,C,2016
138247,200,30.6,C,2016
137857,118,28.93,C,2016
137749,78,18.05,D-,2016
137409,238,33.55,C+,2016
136361,179,29.27,C,2016
137117,66,23.22,D+,2016
138482,284,34.29,C+,2016
135583,103,27.02,C-,2016
122857,2,,,2016
137141,40,20.43,D,2016
137112,87,23.95,D+,2016
138191,163,32.11,C+,2016
139063,67,21.86,D+,2016
136878,308,33.59,C+,2016
137319,274,30.76,C,2016
140812,102,,,2016
130777,2722,25.79,C-,2016
136628,328,34.89,C+,2016
122908,152,32.86,C+,2016
137763,223,31.88,C+,2016
138832,211,27.59,C-,2016
137085,71,28.41,C,2016
136627,215,33.95,C+,2016
122936,171,42.38,B+,2016
122915,241,45.69,A-,2016
140984,108,34.8,C+,2016
135761,64,,,2016
135573,44,,,2016
130787,1756,28.9,C,2016
138573,1,,,2016
138341,234,30.52,C,2016
137798,452,29.45,C,2016
135685,67,10,E,2016
134253,46,11.11,E,2016
131119,59,29.05,C,2016
130776,3765,24.22,D+,2016
135881,318,24.33,D+,2016
139765,168,24.63,D+,2016
141010,,,,2016
137184,88,27.5,C-,2016
123564,1,,,2016
123623,328,50.97,A,2016
123600,186,29.59,C,2016
123580,111,25.99,C-,2016
140922,236,30.87,C,2016
136979,128,28.5,C,2016
123604,137,39.6,B,2016
130797,967,24.6,D+,2016
142153,111,24.66,D+,2016
123613,112,36.78,B-,2016
123599,51,27.31,C-,2016
123602,73,33.57,C+,2016
130800,1680,30.95,C,2016
123620,128,36.72,B-,2016
123608,391,40.72,B,2016
141176,45,24.29,D+,2016
123589,271,27.92,C-,2016
139769,146,26.47,C-,2016
139143,97,25.3,C-,2016
142067,47,28.67,C,2016
135582,100,19.35,D,2016
135149,228,35.57,B-,2016
130801,994,23.77,D+,2016
136516,126,39.4,B,2016
137446,316,41.88,B+,2016
130796,1402,21.74,D+,2016
139536,2,,,2016
123627,396,39.02,B,2016
123610,154,33.91,C+,2016
123574,,,,2016
139139,217,31.86,C+,2016
136655,251,28.99,C,2016
142890,,,,2016
140108,234,31.5,C,2016
138662,125,26.29,C-,2016
136278,353,33.94,C+,2016
137449,210,33.37,C+,2016
111473,245,41.87,B+,2016
138002,148,35.97,B-,2016
140813,56,27.6,C-,2016
130621,1169,18.96,D,2016
111419,140,27.48,C-,2016
111436,290,30.65,C,2016
130623,1917,,,2016
136340,258,34.78,C+,2016
137491,252,26.36,C-,2016
130619,2345,26.66,C-,2016
140791,210,35.72,B-,2016
111443,487,33.02,C+,2016
136279,268,31.21,C,2016
111478,88,35.61,B-,2016
139343,228,31.17,C,2016
136645,294,29.42,C,2016
111511,25,,,2016
111451,141,28.62,C,2016
111471,202,45.41,A-,2016
111482,75,32.11,C+,2016
111440,271,32.23,C+,2016
111485,215,44.92,B+,2016
130620,1062,,,2016
138318,310,26.83,C-,2016
111397,114,22.61,D+,2016
111486,91,42.42,B+,2016
111450,201,31.5,C,2016
130626,1605,34.82,C+,2016
111424,239,28.49,C,2016
136543,165,25.49,C-,2016
138483,197,29.99,C,2016
135941,148,17.88,D-,2016
111422,263,30.82,C,2016
130618,1847,13.28,E+,2016
111429,192,24.74,D+,2016
111484,75,37.12,B-,2016
136184,37,15.54,D-,2016
130627,3633,27.38,C-,2016
137223,148,30.03,C,2016
112043,343,30.3,C,2016
139155,231,29.89,C,2016
112061,147,29.15,C,2016
136533,252,29.62,C,2016
112054,124,23.42,D+,2016
136575,231,28.3,C-,2016
112041,106,25.3,C-,2016
112038,171,30.52,C,2016
130629,5300,33.66,C+,2016
112077,46,40.79,B,2016
112076,225,38.47,B,2016
138024,143,34.12,C+,2016
136383,360,26.17,C-,2016
112045,195,33.81,C+,2016
136596,218,29.15,C,2016
136524,190,30.47,C,2016
141106,42,28.47,C,2016
142306,264,31.25,C,2016
137205,238,30.95,C,2016
140600,94,3.98,U,2016
130633,915,,,2016
137251,98,25.78,C-,2016
130631,939,30,C,2016
136902,290,30.52,C,2016
136671,140,31.81,C+,2016
137107,63,30.96,C,2016
130632,885,11.58,E,2016
112379,80,31.29,C,2016
112453,86,35.94,B-,2016
112442,53,41.73,B+,2016
112388,67,19.08,D,2016
112397,218,31.39,C,2016
112382,60,25.85,C-,2016
112399,61,24.65,D+,2016
136732,235,36.84,B-,2016
136357,307,33.4,C+,2016
136526,185,34.76,C+,2016
135621,117,24.4,D+,2016
135620,2,,,2016
112398,155,29.32,C,2016
112451,232,33.37,C+,2016
137369,295,29.78,C,2016
112393,232,28.88,C,2016
112385,262,31.72,C+,2016
135632,202,28.4,C,2016
140406,149,18.92,D,2016
137252,278,32.11,C+,2016
112446,70,,,2016
141499,139,29.01,C,2016
137254,163,25.87,C-,2016
130634,1091,20.36,D,2016
136016,177,19.7,D,2016
136725,324,28.4,C,2016
115795,299,40.17,B,2016
115798,310,47.85,A-,2016
136960,259,27.06,C-,2016
136623,258,25.15,C-,2016
137634,188,25.77,C-,2016
130686,2150,31.51,C,2016
136772,274,30.74,C,2016
136292,256,35.11,B-,2016
136578,271,35.98,B-,2016
115797,180,40.5,B,2016
137097,265,34.28,C+,2016
134463,33,23.01,D+,2016
138871,33,38.93,B,2016
136199,56,8.72,E,2016
130683,2923,20.99,D,2016
115723,159,28.88,C,2016
130687,1411,27.1,C-,2016
136666,172,38.82,B,2016
137033,286,32.91,C+,2016
115780,87,40.14,B,2016
137123,237,34.75,C+,2016
136474,379,33.49,C+,2016
137690,64,29.53,C,2016
138746,162,24.25,D+,2016
136353,449,47.43,A-,2016
140011,211,20.61,D,2016
115758,187,29.71,C,2016
115787,57,38.63,B,2016
136767,253,29.65,C,2016
115794,105,35.74,B-,2016
136982,425,28.43,C,2016
136306,391,40.59,B,2016
136874,258,37.27,B-,2016
137752,244,28.96,C,2016
115789,59,33.03,C+,2016
115788,204,34.75,C+,2016
137382,195,31.12,C,2016
115793,20,36.12,B-,2016
117528,98,29.12,C,2016
117591,191,32.59,C+,2016
137090,188,30.5,C,2016
117596,61,23.73,D+,2016
139902,168,,,2016
138225,129,21.23,D,2016
136554,426,43.21,B+,2016
117623,16,,,2016
139416,261,24.62,D+,2016
117504,93,27.2,C-,2016
135876,120,22.75,D+,2016
137002,229,29.06,C,2016
137532,260,30.44,C,2016
117648,325,50.27,A,2016
117649,249,50.02,A,2016
117500,204,32.47,C+,2016
130722,2099,,,2016
140786,353,36.9,B-,2016
138747,259,29.02,C,2016
117537,147,28.56,C,2016
139154,228,31.66,C,2016
137288,262,36.54,B-,2016
136482,246,,,2016
117657,102,46.6,A-,2016
117578,242,31.3,C,2016
117557,187,30.5,C,2016
137895,426,32.18,C+,2016
136607,244,27.66,C-,2016
139036,168,28.55,C,2016
117552,42,17.37,D-,2016
136608,279,35.19,B-,2016
137156,262,32.87,C+,2016
137110,195,26.59,C-,2016
138106,174,33.92,C+,2016
138042,215,27.58,C-,2016
117534,129,19.82,D,2016
117616,290,47.06,A-,2016
137656,113,28.96,C,2016
138632,233,30.87,C,2016
117515,132,25.82,C-,2016
137224,157,18.17,D-,2016
137938,163,28.31,C-,2016
117530,267,33.02,C+,2016
130721,2130,,,2016
117518,211,26.79,C-,2016
130723,3070,21.82,D+,2016
137792,90,26.11,C-,2016
136899,366,39.92,B,2016
137985,262,35.17,B-,2016
117614,46,31.94,C+,2016
117499,174,32.95,C+,2016
102256,82,35.4,B-,2016
138286,306,35.71,B-,2016
136877,373,33.4,C+,2016
117609,122,40.73,B,2016
139662,,,,2016
139873,276,31.66,C,2016
136606,288,34.31,C+,2016
136973,271,37.71,B-,2016
117641,178,41.16,B,2016
117631,61,36.19,B-,2016
137339,230,36.28,B-,2016
117617,168,47.46,A-,2016
134087,70,33.16,C+,2016
117647,287,46.75,A-,2016
117612,99,35.79,B-,2016
136901,363,38.73,B,2016
117638,136,36.28,B-,2016
117633,131,37.3,B-,2016
117613,66,43.09,B+,2016
138356,376,37.88,B-,2016
137914,158,31.61,C,2016
117606,76,37.62,B-,2016
117594,159,33.9,C+,2016
138360,111,17.58,D-,2016
117604,356,41.57,B,2016
117512,89,21.92,D+,2016
137922,228,30.64,C,2016
138582,47,27.58,C-,2016
136609,324,38.48,B,2016
138484,35,21.86,D+,2016
143131,,,,2016
117538,90,26.86,C-,2016
140037,54,20.68,D,2016
117555,91,22.18,D+,2016
117618,151,35.99,B-,2016
138352,290,32.16,C+,2016
137038,256,29.73,C,2016
136276,372,41.35,B,2016
136289,393,41.36,B,2016
141004,106,23.26,D+,2016
130720,4003,27.78,C-,2016
140049,169,22.75,D+,2016
117682,14,,,2016
136922,185,42.08,B+,2016
117607,294,41.74,B+,2016
142051,186,33,C+,2016
117622,30,31.92,C+,2016
140294,256,34.6,C+,2016
117525,72,23.09,D+,2016
137637,266,28.91,C,2016
137270,268,38.13,B-,2016
137847,139,28.81,C,2016
117640,5,,,2016
137757,129,34.39,C+,2016
117605,250,43.24,B+,2016
117577,339,32.35,C+,2016
117602,164,31.47,C,2016
136396,235,36.6,B-,2016
135938,74,27.3,C-,2016
137872,191,29.95,C,2016
135552,311,28.93,C,2016
140845,123,25.38,C-,2016
130724,1519,27.08,C-,2016
140948,8,,,2016
136010,249,27.16,C-,2016
118225,10,,,2016
136753,49,18.91,D,2016
118223,137,38.47,B,2016
136751,228,24.28,D+,2016
136012,206,25.88,C-,2016
139055,95,20.67,D,2016
136491,164,25.98,C-,2016
137873,271,28.78,C,2016
136282,171,21.29,D,2016
130759,863,19.9,D,2016
138638,310,36.17,B-,2016
137667,144,34.97,C+,2016
142262,214,37.4,B-,2016
137166,274,34.1,C+,2016
120729,8,,,2016
136537,138,25.27,C-,2016
137447,309,27.71,C-,2016
130762,3202,22.34,D+,2016
120724,124,34.03,C+,2016
140950,144,27.37,C-,2016
120713,224,20.8,D,2016
130760,1771,20.66,D,2016
136871,232,26.06,C-,2016
135565,541,32.87,C+,2016
135564,133,21.94,D+,2016
136194,152,25.39,C-,2016
135563,87,27.83,C-,2016
136315,142,37.15,B-,2016
138665,226,35.1,B-,2016
120655,317,32.7,C+,2016
120744,3,,,2016
136044,426,26.76,C-,2016
139623,86,25.4,C-,2016
139168,161,19.4,D,2016
137135,200,26.99,C-,2016
138839,80,25.57,C-,2016
136217,206,21.59,D,2016
138757,148,31.16,C,2016
139304,274,30.44,C,2016
120642,222,34.43,C+,2016
120736,181,40.96,B,2016
120735,210,36.26,B-,2016
137282,294,22.23,D+,2016
136624,88,26.54,C-,2016
136415,262,32.09,C+,2016
130761,1624,23.58,D+,2016
139180,119,27.63,C-,2016
139140,226,32.49,C+,2016
137572,222,27.07,C-,2016
137793,297,36.44,B-,2016
136358,197,28.04,C-,2016
136350,169,36.34,B-,2016
137213,261,31.87,C+,2016
132933,432,26.5,C-,2016
132951,687,29.85,C,2016
135904,2,,,2016
141269,395,28.53,C,2016
130763,3180,22.25,D+,2016
121182,211,29.1,C,2016
137092,191,31.49,C,2016
139204,201,25.26,C-,2016
130767,1626,27.58,C-,2016
139572,157,28.42,C,2016
134455,28,30.47,C,2016
130765,1173,,,2016
121222,222,35.29,B-,2016
138039,159,31.79,C+,2016
121227,22,28.12,C-,2016
142059,77,32.27,C+,2016
139058,93,14.06,E+,2016
140815,55,35.57,B-,2016
141177,210,28.78,C,2016
140534,135,21.46,D,2016
121224,157,33,C+,2016
138918,76,16.67,D-,2016
141268,226,29.1,C,2016
130764,4136,24.54,D+,2016
121241,131,40.47,B,2016
121242,328,45.19,A-,2016
137913,380,34.05,C+,2016
135650,104,19.5,D,2016
136186,169,25.08,C-,2016
130768,687,30.21,C,2016
138829,194,33.36,C+,2016
142058,11,22.22,D+,2016
137621,151,31.34,C,2016
139896,202,33.5,C+,2016
121157,44,24.88,D+,2016
136515,319,30.69,C,2016
121162,188,25.91,C-,2016
139487,178,29.52,C,2016
136204,156,21.75,D+,2016
121245,50,38.58,B,2016
121180,361,30.72,C,2016
142883,,,,2016
141086,140,10.4,E,2016
136481,466,34.53,C+,2016
137461,359,32.63,C+,2016
138670,1895,,,2016
132908,437,29.1,C,2016
137878,240,28.64,C,2016
135306,97,25.72,C-,2016
138254,,,,2016
142783,,,,2016
139373,52,,,2016
138073,29,22.56,D+,2016
138858,153,26.87,C-,2016
138214,208,29.37,C,2016
139100,177,31.77,C+,2016
139988,166,25.39,C-,2016
136489,165,31.63,C,2016
138030,96,27.07,C-,2016
135966,135,24.73,D+,2016
135967,124,25.89,C-,2016
138932,182,22.03,D+,2016
139957,123,21.26,D,2016
122066,120,28.97,C,2016
139060,117,29.66,C,2016
122144,103,42.59,B+,2016
142485,,,,2016
136299,439,31.24,C,2016
140510,310,31.22,C,2016
122129,413,44.82,B+,2016
122150,5,,,2016
138235,83,20.42,D,2016
122151,65,37.58,B-,2016
142063,104,31.26,C,2016
122137,27,28.78,C,2016
139013,115,27.09,C-,2016
135785,65,,,2016
139690,169,21.29,D,2016
137912,168,33.09,C+,2016
136976,162,29.92,C,2016
139158,181,27.06,C-,2016
136201,141,26.64,C-,2016
137613,143,21.67,D+,2016
137049,141,26.09,C-,2016
130772,1774,,,2016
137614,200,34.04,C+,2016
134814,198,26.76,C-,2016
130769,3457,20.75,D,2016
136488,278,29.24,C,2016
137086,371,32.11,C+,2016
122100,137,22.57,D+,2016
130771,2571,22.26,D+,2016
139819,83,21.81,D+,2016
122131,147,36.4,B-,2016
136948,133,22.07,D+,2016
122059,245,30.35,C,2016
142869,,,,2016
122149,222,37.61,B-,2016
122158,8,,,2016
139961,170,25.76,C-,2016
135317,267,31.25,C,2016
137087,180,29.62,C,2016
137089,289,31.96,C+,2016
137457,303,32.68,C+,2016
122362,324,30.78,C,2016
122328,123,30.91,C,2016
122355,154,25.88,C-,2016
122363,106,20.9,D,2016
137746,489,31.88,C+,2016
122374,156,23.95,D+,2016
122376,50,28.32,C-,2016
135886,118,22.23,D+,2016
130773,1517,,,2016
122358,335,28.82,C,2016
122351,228,29.39,C,2016
122356,412,35.78,B-,2016
135619,164,29.15,C,2016
122360,125,27.53,C-,2016
141814,190,30.26,C,2016
137598,190,21.72,D+,2016
140002,72,17.18,D-,2016
123290,264,46.57,A-,2016
130789,1727,29.01,C,2016
138210,200,31.81,C+,2016
139998,,,,2016
130793,1521,15.53,D-,2016
123312,324,42.87,B+,2016
140580,100,29.02,C,2016
137140,309,31.45,C,2016
123277,98,37.27,B-,2016
138602,180,37.31,B-,2016
123255,134,31.69,C+,2016
138667,467,30.3,C,2016
123311,322,52.46,A+,2016
123300,286,48.8,A,2016
123295,55,36.69,B-,2016
134153,5589,23.56,D+,2016
138762,141,28.94,C,2016
133430,231,,,2016
135236,145,38.87,B,2016
123292,300,39.81,B,2016
139528,202,27.71,C-,2016
123313,230,46.79,A-,2016
142024,156,25.61,C-,2016
142863,,,,2016
123285,177,34.34,C+,2016
123278,83,28.93,C,2016
140886,41,24,D+,2016
123274,89,42.49,B+,2016
141111,42,,,2016
137357,208,33.34,C+,2016
141146,151,32.23,C+,2016
142218,126,28.8,C,2016
123275,147,33.41,C+,2016
140875,179,29.05,C,2016
123238,189,31.25,C,2016
123294,33,38.48,B,2016
138289,208,33.44,C+,2016
139997,10,,,2016
123236,58,,,2016
139146,246,32.08,C+,2016
137970,537,36.7,B-,2016
137936,187,34.26,C+,2016
123283,137,37.93,B-,2016
141069,211,27.77,C-,2016
138490,197,34,C+,2016
123318,277,42.85,B+,2016
138269,,,,2016
137993,158,32.71,C+,2016
123257,89,23.8,D+,2016
138363,8,,,2016
138897,109,27.67,C-,2016
138817,183,30.18,C,2016
142104,180,32.33,C+,2016
138499,148,28.2,C-,2016
135365,127,20.32,D,2016
137919,210,34.42,C+,2016
123282,145,32.27,C+,2016
123298,84,35.17,B-,2016
135675,586,15.9,D-,2016
123310,148,47.3,A-,2016
136261,194,23.06,D+,2016
132916,338,31.64,C,2016
133226,323,28.32,C-,2016
123910,145,41.14,B,2016
123862,324,30.74,C,2016
123883,79,,,2016
136295,156,27.37,C-,2016
136294,213,31.83,C+,2016
123879,141,28.11,C-,2016
123905,128,36.67,B-,2016
123912,195,36.39,B-,2016
136783,332,33.09,C+,2016
123933,22,,,2016
123911,580,35.14,B-,2016
123917,27,30.76,C,2016
123913,194,35.54,B-,2016
130808,1867,32.08,C+,2016
137313,152,35.04,B-,2016
130806,1473,31.55,C,2016
136193,24,,,2016
123914,260,37.91,B-,2016
123893,70,28.9,C,2016
123930,168,37.78,B-,2016
123916,247,38.47,B,2016
136791,227,29.21,C,2016
137285,329,34.81,C+,2016
130805,1384,23.62,D+,2016
130803,3569,22.67,D+,2016
123904,50,40.39,B,2016
139655,2,,,2016
136916,1,,,2016
139867,212,26.52,C-,2016
140669,58,20.56,D,2016
124840,528,30.66,C,2016
138506,107,24.34,D+,2016
124889,210,34.28,C+,2016
137849,200,28.63,C,2016
124861,158,36.57,B-,2016
124868,88,33.9,C+,2016
124883,136,30.08,C,2016
136998,254,31.53,C,2016
136990,237,34.09,C+,2016
138162,53,18.29,D-,2016
136827,311,28.3,C-,2016
124886,180,35.83,B-,2016
136834,468,34.75,C+,2016
137321,152,24.04,D+,2016
124899,25,28.93,C,2016
124892,24,18,D-,2016
134480,28,24.64,D+,2016
124884,169,32.16,C+,2016
136271,190,30.46,C,2016
136453,1,12.63,E+,2016
124888,61,37.99,B-,2016
124881,235,41.49,B,2016
136969,367,28.44,C,2016
124856,364,31.35,C,2016
130819,947,,,2016
136255,667,27.69,C-,2016
136322,226,30.83,C,2016
137055,171,30.73,C,2016
124818,188,28.12,C-,2016
124853,150,25.94,C-,2016
130820,2187,17.92,D-,2016
142283,1798,31.06,C,2016
124870,7,,,2016
141639,121,30,C,2016
136782,278,29.57,C,2016
124802,278,32.65,C+,2016
130818,2783,25.63,C-,2016
124887,198,36.12,B-,2016
141236,86,22.59,D+,2016
125427,314,44.2,B+,2016
125315,181,35.37,B-,2016
125340,429,42.57,B+,2016
134120,80,22.72,D+,2016
125349,202,44.39,B+,2016
125334,89,37.79,B-,2016
138226,,,,2016
136828,327,29,C,2016
125323,251,39.51,B,2016
125356,31,33.91,C+,2016
130824,1690,,,2016
137595,129,24.36,D+,2016
125332,339,45.02,A-,2016
130830,1780,33.53,C+,2016
125380,91,27.19,C-,2016
134562,35,28.92,C,2016
125338,106,33.87,C+,2016
137003,221,31,C,2016
136906,497,33.97,C+,2016
136534,482,33.36,C+,2016
130828,1994,33.61,C+,2016
139151,171,40.94,B,2016
125318,23,38.61,B,2016
130823,2578,27.2,C-,2016
139193,243,34.49,C+,2016
125342,191,50.56,A,2016
125411,76,32.56,C+,2016
142314,221,35.65,B-,2016
137855,232,33.55,C+,2016
142009,,,,2016
125264,290,31.29,C,2016
136833,338,32.87,C+,2016
125442,319,44.25,B+,2016
125365,142,,,2016
141200,31,13.24,E+,2016
125387,150,40.82,B,2016
130822,1621,,,2016
125375,64,36.91,B-,2016
142315,397,30.52,C,2016
137735,134,20.89,D,2016
125322,91,36.72,B-,2016
125281,116,29.42,C,2016
125321,264,39.23,B,2016
130829,2164,31.54,C,2016
125422,246,45.25,A-,2016
137736,278,35.41,B-,2016
125279,167,31.19,C,2016
125424,262,49.66,A,2016
125348,58,39.36,B,2016
137137,110,25.95,C-,2016
125275,185,38.06,B-,2016
125278,333,32.85,C+,2016
125320,175,45.69,A-,2016
125361,248,42.54,B+,2016
100528,67,36.73,B-,2016
125302,277,39.99,B,2016
125353,250,42.41,B+,2016
125311,223,30.16,C,2016
125276,223,31.61,C,2016
125402,65,41.3,B,2016
125312,322,35.94,B-,2016
125425,157,41.35,B,2016
130833,1076,27.6,C-,2016
138491,131,28.38,C,2016
125252,124,25.23,C-,2016
140117,271,25.5,C-,2016
125345,104,45.42,A-,2016
137906,217,26.88,C-,2016
138928,307,26.48,C-,2016
130831,1173,30.78,C,2016
125369,173,43.33,B+,2016
125481,19,,,2016
125428,37,44.92,B+,2016
125388,160,28.72,C,2016
130825,1657,15.85,D-,2016
139936,124,25.02,C-,2016
125748,204,35.23,B-,2016
130836,2089,24.34,D+,2016
136158,47,13.64,E+,2016
136459,273,32.8,C+,2016
125787,181,33.94,C+,2016
142881,,,,2016
136986,86,26.44,C-,2016
137771,76,20.82,D,2016
134464,20,32.35,C+,2016
125774,12,,,2016
137767,,,,2016
137781,104,25.3,C-,2016
136587,424,31.56,C,2016
125747,395,36.43,B-,2016
125734,121,26.74,C-,2016
130840,1032,27.71,C-,2016
137302,277,43.72,B+,2016
125788,147,40.57,B,2016
125775,52,28.81,C,2016
141277,310,38.41,B,2016
137770,102,28.89,C,2016
139667,1,,,2016
136907,292,33.28,C+,2016
136595,287,39.23,B,2016
125777,364,41.99,B+,2016
125755,104,,,2016
141836,201,35.65,B-,2016
137691,109,23.54,D+,2016
125738,271,35.53,B-,2016
137235,201,39.52,B,2016
137236,232,27.68,C-,2016
130837,1236,21.9,D+,2016
125756,180,29.37,C,2016
125781,281,42.92,B+,2016
130835,3690,24.53,D+,2016
136622,492,36.77,B-,2016
137766,104,38.65,B,2016
129383,2239,28.6,C,2016
130843,3566,27.75,C-,2016
139668,,,,2016
140106,116,24.67,D+,2016
140105,126,32.53,C+,2016
126107,314,36.59,B-,2016
130847,1717,32.49,C+,2016
126081,210,28.04,C-,2016
126126,46,32.36,C+,2016
126080,205,28.49,C,2016
126133,245,41.78,B+,2016
137263,381,32.71,C+,2016
126098,206,30.91,C,2016
126136,326,43.16,B+,2016
126071,160,22.48,D+,2016
126088,321,30.17,C,2016
126108,266,40.56,B,2016
135745,175,27.93,C-,2016
135760,99,29.15,C,2016
130842,1451,,,2016
134042,213,27.22,C-,2016
126115,53,39.04,B,2016
137782,172,25.1,C-,2016
126089,386,31.86,C+,2016
126101,352,31.4,C,2016
126102,196,30.65,C,2016
126095,193,29.44,C,2016
126110,188,27.29,C-,2016
135962,249,25.4,C-,2016
135744,109,25.64,C-,2016
126119,20,,,2016
140472,301,34.72,C+,2016
126092,523,31.84,C+,2016
138620,164,21.06,D,2016
126068,303,34.14,C+,2016
126137,239,37.65,B-,2016
130845,1546,29.4,C,2016
126134,94,43.52,B+,2016
133043,242,28.64,C,2016
